PrimaryPropertyType,Neighborhood,NumberofBuildings,NumberofFloors,PropertyGFABuilding(s),SiteEnergyUseWN(kBtu),UsesSteam,UsesElectricity,UsesNaturalGas,BuildingAge
Hotel,DOWNTOWN,1.0,12,88434,7456910.0,1,1,1,98
Hotel,DOWNTOWN,1.0,11,88502,8664479.0,0,1,1,29
Hotel,DOWNTOWN,1.0,10,61320,6946800.5,1,1,1,99
Hotel,DOWNTOWN,1.0,18,113580,14656503.0,0,1,1,45
Other,DOWNTOWN,1.0,2,60090,12581712.0,0,1,1,26
Hotel,DOWNTOWN,1.0,11,83008,6062767.5,0,1,1,99
Other,DOWNTOWN,1.0,8,102761,7067881.5,1,1,1,99
Hotel,DOWNTOWN,1.0,15,163984,14194054.0,0,1,1,121
Hotel,DOWNTOWN,1.0,9,65009,6358719.5,1,1,1,97
Hotel,DOWNTOWN,1.0,11,66990,11179203.0,1,1,1,103
Other,DOWNTOWN,1.0,6,103911,10192124.0,1,1,1,95
Mixed Use Property,DOWNTOWN,1.0,5,57452,7877219.0,1,1,1,118
Hotel,DOWNTOWN,1.0,10,104352,10154608.0,1,1,1,109
K-12 School,SOUTHEAST,1.0,2,56228,1713623.5,0,1,1,64
Hotel,NORTHEAST,1.0,6,58006,3673186.75,0,1,1,24
University,DOWNTOWN,1.0,7,126593,12183313.0,0,1,1,97
Other,DOWNTOWN,1.0,2,67224,1310236.625,0,1,0,95
Hotel,EAST,1.0,8,128375,5424942.0,0,1,1,34
Hotel,DOWNTOWN,1.0,10,133585,11171407.0,0,1,1,24
Hotel,DOWNTOWN,1.0,5,52210,4557974.0,0,1,1,47
K-12 School,NORTH,1.0,2,160645,7800349.5,0,1,1,76
Small- and Mid-Sized Office,LAKE UNION,1.0,3,87262,4703690.0,0,1,1,119
Hotel,NORTHEAST,1.0,4,81871,6731281.5,0,1,1,31
Self-Storage Facility,NORTHEAST,1.0,2,110356,326223.0938,0,1,1,70
K-12 School,MAGNOLIA / QUEEN ANNE,1.0,2,54986,1802471.375,0,1,1,35
K-12 School,NORTHEAST,1.0,2,175565,7329817.5,0,1,1,75
Small- and Mid-Sized Office,BALLARD,1.0,2,94900,6536359.5,0,1,1,64
Small- and Mid-Sized Office,GREATER DUWAMISH,1.0,2,52554,3150635.5,0,1,1,125
K-12 School,NORTHWEST,1.0,3,175015,7886505.5,0,1,1,71
Self-Storage Facility,DOWNTOWN,1.0,3,70586,2331573.25,0,1,1,114
Large Office,DOWNTOWN,1.0,5,168115,9536161.0,0,1,0,52
Other,DOWNTOWN,1.0,2,57428,1239429.75,0,1,1,105
Small- and Mid-Sized Office,DOWNTOWN,1.0,8,59400,5242479.5,0,1,0,115
Hotel,DOWNTOWN,1.0,20,88591,5078816.0,0,1,1,95
Hotel,DOWNTOWN,1.0,7,71150,5348309.0,0,1,1,40
Hotel,DOWNTOWN,1.0,7,122810,6088417.5,0,1,1,117
Hotel,LAKE UNION,1.0,5,70627,5428403.5,0,1,1,66
Hotel,LAKE UNION,1.0,7,115718,6835263.5,0,1,1,25
Hotel,LAKE UNION,1.0,6,88100,5941927.0,0,1,1,28
Hotel,MAGNOLIA / QUEEN ANNE,1.0,6,118858,6849826.5,0,1,1,27
K-12 School,EAST,1.0,3,56072,3800842.5,0,1,1,114
Hotel,MAGNOLIA / QUEEN ANNE,1.0,4,78051,5387530.0,0,1,1,26
Small- and Mid-Sized Office,CENTRAL,1.0,2,54984,3630147.25,0,1,1,63
Hotel,LAKE UNION,1.0,6,63371,3787499.0,0,1,1,17
Hotel,EAST,1.0,7,76631,7250730.5,0,1,1,117
Retail Store,LAKE UNION,1.0,2,58320,1243027.75,0,1,1,96
Large Office,LAKE UNION,1.0,5,316306,13909270.0,0,1,1,15
Other,MAGNOLIA / QUEEN ANNE,1.0,1,91213,8181881.0,1,1,0,63
Other,MAGNOLIA / QUEEN ANNE,1.0,2,52000,2682242.75,1,1,0,63
Other,MAGNOLIA / QUEEN ANNE,1.0,1,60696,875943.3125,0,1,0,97
Small- and Mid-Sized Office,MAGNOLIA / QUEEN ANNE,1.0,2,63888,4192107.75,0,1,0,39
Small- and Mid-Sized Office,MAGNOLIA / QUEEN ANNE,1.0,4,50283,3647345.75,0,1,1,55
Hotel,MAGNOLIA / QUEEN ANNE,1.0,6,59976,5274523.0,0,1,1,23
Hotel,NORTHEAST,2.0,4,50017,5528580.5,0,1,1,63
K-12 School,EAST,1.0,3,67743,3036464.0,0,1,1,102
K-12 School,EAST,1.0,6,194104,7204080.0,0,1,1,117
Small- and Mid-Sized Office,SOUTHEAST,1.0,3,63681,4980737.5,0,1,0,22
K-12 School,GREATER DUWAMISH,1.0,1,130862,7300977.5,0,1,1,68
K-12 School,SOUTHEAST,1.0,3,59955,1749171.25,0,1,1,36
K-12 School,MAGNOLIA / QUEEN ANNE,1.0,2,93218,3216155.0,0,1,1,61
Other,NORTHEAST,1.0,4,56521,6367210.0,0,1,0,84
Other,NORTHEAST,1.0,2,206934,4384625.5,0,1,1,96
Hotel,NORTHWEST,1.0,4,51390,3616214.0,0,1,1,24
K-12 School,NORTHWEST,1.0,2,131013,4290831.5,0,1,1,62
K-12 School,NORTHWEST,1.0,1,245587,12870916.0,0,1,1,66
Hotel,NORTHWEST,1.0,3,69138,3323400.5,0,1,1,23
Hotel,DOWNTOWN,1.0,5,190980,6505995.0,0,1,1,121
K-12 School,Ballard,1.0,2,55513,1598852.625,0,1,0,34
Other,DOWNTOWN,1.0,4,61156,9550716.0,0,1,1,19
Other,DOWNTOWN,1.0,4,59000,2095175.25,0,1,1,115
Hotel,MAGNOLIA / QUEEN ANNE,1.0,4,148022,8016521.0,0,1,1,29
K-12 School,SOUTHEAST,1.0,4,289588,9542598.0,0,1,1,35
University,EAST,1.0,3,63330,3284214.5,0,1,1,110
Other,GREATER DUWAMISH,1.0,1,67356,8086930.5,0,1,1,75
K-12 School,SOUTHEAST,1.0,3,78804,2677620.75,0,1,1,24
K-12 School,CENTRAL,1.0,3,66994,2579774.5,0,1,1,23
K-12 School,GREATER DUWAMISH,1.0,3,98357,3783580.25,0,1,1,25
Small- and Mid-Sized Office,GREATER DUWAMISH,1.0,1,54765,4503671.5,0,1,1,67
Other,GREATER DUWAMISH,1.0,5,89821,2220796.5,0,1,1,16
University,MAGNOLIA / QUEEN ANNE,1.0,2,52611,4390158.0,0,1,1,45
Residence Hall,MAGNOLIA / QUEEN ANNE,1.0,4,102100,4800620.5,0,1,1,24
K-12 School,NORTH,1.0,2,236758,9287467.0,0,1,1,14
Other,CENTRAL,3.0,6,250981,14196194.0,1,1,1,54
K-12 School,NORTHWEST,1.0,3,62526,2192411.0,0,1,1,23
Small- and Mid-Sized Office,GREATER DUWAMISH,1.0,3,64015,3375016.25,0,1,1,18
Other,NORTH,1.0,3,54224,7668810.0,0,1,1,61
Retail Store,NORTH,1.0,4,124342,8729918.0,0,1,1,60
Other,NORTHWEST,1.0,3,55442,3313397.0,0,1,1,29
K-12 School,BALLARD,1.0,2,242795,9708318.0,0,1,1,26
Self-Storage Facility,EAST,1.0,5,84870,1617801.25,0,1,1,115
K-12 School,SOUTHEAST,1.0,2,173185,7034167.5,0,1,1,73
K-12 School,DELRIDGE,1.0,1,145341,6337972.0,0,1,1,62
Warehouse,GREATER DUWAMISH,1.0,4,114297,2415462.5,0,1,1,121
K-12 School,SOUTHEAST,1.0,2,184125,10067991.0,0,1,1,65
Warehouse,GREATER DUWAMISH,1.0,1,234144,7874958.5,0,1,1,88
Retail Store,DELRIDGE,1.0,1,64984,3016373.5,0,1,1,59
Retail Store,DELRIDGE,1.0,1,67745,9589728.0,0,1,1,60
K-12 School,DELRIDGE,1.0,2,367884,13279344.0,0,1,1,15
K-12 School,DELRIDGE,1.0,1,46797,2380144.5,0,1,1,67
Other,BALLARD,1.0,3,56000,2088978.125,0,1,1,52
K-12 School,SOUTHEAST,1.0,2,67371,2260359.75,0,1,1,21
Self-Storage Facility,SOUTHWEST,1.0,2,52088,1576122.875,0,1,1,56
K-12 School,LAKE UNION,1.0,3,127776,4998584.5,0,1,1,15
Hotel,LAKE UNION,1.0,5,93920,9676783.0,0,1,1,27
Other,LAKE UNION,1.0,1,50000,7942537.5,0,1,1,125
Warehouse,MAGNOLIA / QUEEN ANNE,1.0,2,50292,430473.6875,0,1,0,99
Hotel,MAGNOLIA / QUEEN ANNE,1.0,7,153315,11754087.0,0,1,1,27
K-12 School,BALLARD,1.0,2,67235,2443194.0,0,1,1,26
Small- and Mid-Sized Office,NORTHWEST,1.0,2,91130,10005492.0,0,1,1,68
K-12 School,SOUTHWEST,1.0,3,58118,1519074.75,0,1,1,34
Hotel,NORTHWEST,1.0,4,64893,6211749.5,0,1,1,57
K-12 School,GREATER DUWAMISH,1.0,1,70762,4138032.75,0,1,1,100
Small- and Mid-Sized Office,DOWNTOWN,1.0,3,44558,1722053.0,0,1,1,125
Distribution Center,GREATER DUWAMISH,1.0,2,179161,10168523.0,0,1,1,101
Warehouse,GREATER DUWAMISH,1.0,2,58640,4327563.5,0,1,0,60
Hotel,GREATER DUWAMISH,1.0,9,153882,12871628.0,0,1,1,20
Warehouse,GREATER DUWAMISH,1.0,4,79600,2411402.25,0,1,0,109
K-12 School,LAKE UNION,1.0,4,241066,8886716.0,0,1,1,28
Other,NORTH,1.0,6,84739,9238992.0,0,1,1,17
Mixed Use Property,MAGNOLIA / QUEEN ANNE,1.0,4,110785,10864032.0,0,1,1,23
K-12 School,DELRIDGE,1.0,1,71714,2470597.75,0,1,1,26
Warehouse,LAKE UNION,1.0,3,67236,571637.5,0,1,1,34
Senior Care Community,DOWNTOWN,1.0,5,90185,10281401.0,0,1,1,26
K-12 School,SOUTHWEST,1.0,2,208981,9030149.0,0,1,1,23
K-12 School,NORTHEAST,1.0,2,55653,1597907.25,0,1,1,97
Hotel,NORTHEAST,1.0,16,106860,12616417.0,0,1,1,94
Small- and Mid-Sized Office,NORTH,1.0,5,50759,3321734.0,0,1,1,53
Worship Facility,NORTHEAST,1.0,2,56772,2762805.5,0,1,1,73
Worship Facility,NORTHEAST,1.0,3,103000,5391782.0,0,1,1,73
K-12 School,NORTHEAST,1.0,3,269297,11208195.0,0,1,1,19
K-12 School,NORTHEAST,1.0,3,75174,3011741.75,0,1,1,24
K-12 School,MAGNOLIA / QUEEN ANNE,1.0,3,75214,2457326.25,0,1,1,22
K-12 School,SOUTHWEST,1.0,3,134918,4135198.25,0,1,1,20
K-12 School,CENTRAL,1.0,2,64414,2453255.5,0,1,0,34
K-12 School,NORTHWEST,1.0,3,92437,5280739.0,0,1,1,98
Other,DOWNTOWN,1.0,7,128766,6057410.0,0,1,1,111
Residence Hall,DOWNTOWN,1.0,9,107572,5879083.0,1,1,0,112
K-12 School,GREATER DUWAMISH,1.0,3,204961,8935423.0,0,1,1,18
Other,MAGNOLIA / QUEEN ANNE,1.0,1,76086,3576720.0,0,1,1,52
Mixed Use Property,DOWNTOWN,1.0,1,62900,10883874.0,0,1,1,125
Small- and Mid-Sized Office,DOWNTOWN,1.0,4,56500,1500938.5,1,1,0,111
Warehouse,GREATER DUWAMISH,1.0,4,203504,3944732.0,0,1,0,17
Large Office,DOWNTOWN,1.0,3,74003,9892566.0,0,1,0,57
Small- and Mid-Sized Office,DOWNTOWN,1.0,4,59158,5168686.5,0,1,1,44
Small- and Mid-Sized Office,DOWNTOWN,1.0,10,55652,3826622.5,1,1,0,99
Large Office,DOWNTOWN,1.0,17,174790,8081443.0,0,1,1,95
Small- and Mid-Sized Office,DOWNTOWN,1.0,5,73399,3992167.75,0,1,0,109
Large Office,DOWNTOWN,1.0,12,206000,9075988.0,1,1,0,57
Small- and Mid-Sized Office,DOWNTOWN,1.0,7,89550,4135330.5,1,1,0,125
Small- and Mid-Sized Office,DOWNTOWN,1.0,6,89355,4188308.75,0,1,1,125
Small- and Mid-Sized Office,DOWNTOWN,1.0,6,89699,1916413.75,1,1,0,75
Large Office,DOWNTOWN,1.0,8,94948,3743228.5,0,1,0,57
Large Office,DOWNTOWN,1.0,14,162993,9843217.0,1,1,0,53
Large Office,DOWNTOWN,1.0,8,201480,9510490.0,1,1,0,118
Large Office,DOWNTOWN,1.0,8,168870,13972700.0,0,1,1,22
Large Office,DOWNTOWN,1.0,13,319539,13862720.0,0,1,1,19
Large Office,DOWNTOWN,1.0,7,106099,2970604.25,0,1,1,116
Retail Store,NORTHEAST,1.0,2,89200,6707359.5,0,1,1,47
Small- and Mid-Sized Office,NORTHEAST,1.0,5,99005,5008123.5,0,1,1,64
Large Office,NORTHEAST,1.0,6,90803,4426136.0,0,1,0,23
Large Office,NORTHEAST,1.0,5,137929,7046345.5,0,1,0,23
Self-Storage Facility,DOWNTOWN,1.0,5,93660,940359.1875,0,1,0,61
Mixed Use Property,DOWNTOWN,1.0,11,185760,9944328.0,0,1,1,25
Mixed Use Property,DOWNTOWN,1.0,4,70647,8381544.5,0,1,1,45
Large Office,DOWNTOWN,1.0,3,144118,5569686.0,0,1,1,78
Supermarket / Grocery Store,NORTHWEST,1.0,1,60880,14736775.0,0,1,1,69
Small- and Mid-Sized Office,DOWNTOWN,1.0,5,50176,2933288.75,0,1,1,125
Warehouse,GREATER DUWAMISH,1.0,1,128800,2098949.75,0,1,1,48
Large Office,DOWNTOWN,1.0,8,321945,14072349.0,1,1,0,98
Retail Store,SOUTHEAST,1.0,2,291940,12080064.0,0,1,1,45
Mixed Use Property,GREATER DUWAMISH,1.0,1,88400,4811200.0,0,1,1,55
Warehouse,NORTHWEST,1.0,1,52311,1109137.125,0,1,1,65
Other,LAKE UNION,1.0,5,71421,3085814.0,0,1,0,16
Large Office,LAKE UNION,1.0,5,106465,5803409.0,0,1,0,24
Warehouse,BALLARD,1.0,1,52500,4243867.0,0,1,1,52
Warehouse,BALLARD,1.0,2,57300,5095134.5,0,1,1,66
Large Office,DOWNTOWN,1.0,10,135918,6771618.5,1,1,0,67
Retail Store,DOWNTOWN,1.0,4,79957,5171529.0,0,1,0,111
Large Office,DOWNTOWN,1.0,4,127268,7711757.5,1,1,1,104
Large Office,DOWNTOWN,1.0,10,132326,6146691.5,1,1,1,99
Large Office,DOWNTOWN,1.0,6,96630,7335905.5,0,1,0,41
Large Office,DOWNTOWN,1.0,10,130513,11792293.0,1,1,1,115
Small- and Mid-Sized Office,DOWNTOWN,1.0,8,60660,2586116.0,0,1,0,105
Large Office,DOWNTOWN,1.0,14,137350,6825027.0,1,1,0,96
Small- and Mid-Sized Office,DOWNTOWN,1.0,4,63540,3564626.75,0,1,1,119
Large Office,DOWNTOWN,1.0,10,130893,7163323.5,0,1,0,98
Mixed Use Property,DOWNTOWN,1.0,5,79920,2977095.25,0,1,0,115
Other,DOWNTOWN,1.0,6,61423,9671619.0,0,1,1,29
Other,DOWNTOWN,1.0,4,100375,7378420.5,0,1,1,29
Large Office,DOWNTOWN,1.0,12,100717,4757299.5,0,1,0,39
Small- and Mid-Sized Office,DOWNTOWN,1.0,4,70000,4549892.0,0,1,0,26
Large Office,DOWNTOWN,1.0,11,189629,13329024.0,0,1,0,27
Other,DOWNTOWN,1.0,12,155500,14436982.0,0,1,0,40
Large Office,DOWNTOWN,1.0,11,102846,6047637.0,1,1,0,102
Small- and Mid-Sized Office,DOWNTOWN,1.0,4,52800,2500323.75,0,1,1,100
Other,EAST,1.0,9,46710,4439795.5,1,1,0,37
Medical Office,EAST,1.0,3,162000,14009703.0,1,1,1,80
Hotel,LAKE UNION,1.0,5,79608,9707963.0,0,1,1,46
Warehouse,GREATER DUWAMISH,1.0,1,123061,1987934.625,0,1,0,24
Distribution Center,GREATER DUWAMISH,1.0,1,59090,3153949.5,0,1,1,62
Warehouse,GREATER DUWAMISH,1.0,1,106000,763364.5,0,1,0,62
Distribution Center,GREATER DUWAMISH,1.0,1,119661,775864.1875,0,1,1,65
Large Office,LAKE UNION,1.0,7,94472,4342597.0,0,1,0,24
Small- and Mid-Sized Office,MAGNOLIA / QUEEN ANNE,1.0,6,61800,3155171.75,0,1,0,41
Large Office,MAGNOLIA / QUEEN ANNE,2.0,5,98055,5661689.5,0,1,0,29
Large Office,LAKE UNION,1.0,3,56041,11672252.0,0,1,1,24
Small- and Mid-Sized Office,NORTH,1.0,5,74880,5531460.0,0,1,0,51
Small- and Mid-Sized Office,NORTH,1.0,6,88774,6353294.0,0,1,0,46
Large Office,NORTH,1.0,5,122250,5535626.0,0,1,0,42
Small- and Mid-Sized Office,NORTH,1.0,4,53730,4742869.0,0,1,0,46
Small- and Mid-Sized Office,DELRIDGE,1.0,3,55593,4414587.0,0,1,1,65
Large Office,LAKE UNION,1.0,4,73096,4899096.0,0,1,0,43
Small- and Mid-Sized Office,MAGNOLIA / QUEEN ANNE,1.0,4,58195,3018140.75,0,1,0,40
Large Office,LAKE UNION,1.0,5,118248,5869476.5,0,1,1,16
Laboratory,LAKE UNION,1.0,3,55200,12072969.0,0,1,1,97
Large Office,LAKE UNION,1.0,6,86700,3238216.0,0,1,0,21
Large Office,LAKE UNION,1.0,5,172371,7960023.0,0,1,1,16
Warehouse,LAKE UNION,1.0,5,127800,2811924.5,0,1,1,111
Large Office,LAKE UNION,1.0,6,131592,11812678.0,0,1,1,24
Large Office,LAKE UNION,1.0,4,136143,6917478.5,0,1,1,19
Large Office,LAKE UNION,1.0,6,193198,7554767.0,0,1,1,19
Mixed Use Property,LAKE UNION,1.0,3,67380,3066491.25,0,1,1,71
Small- and Mid-Sized Office,MAGNOLIA / QUEEN ANNE,1.0,5,67236,3558562.5,0,1,0,51
Small- and Mid-Sized Office,MAGNOLIA / QUEEN ANNE,1.0,5,66762,3838006.75,0,1,0,53
Small- and Mid-Sized Office,MAGNOLIA / QUEEN ANNE,1.0,5,66762,3705629.0,0,1,0,55
Medical Office,NORTHEAST,1.0,4,95995,8422861.0,0,1,1,31
Self-Storage Facility,BALLARD,2.0,2,111445,6076957.0,0,1,1,79
Warehouse,SOUTHWEST,1.0,4,98475,1178591.625,0,1,1,28
Supermarket / Grocery Store,GREATER DUWAMISH,1.0,1,63225,6522551.5,0,1,0,17
Other,DELRIDGE,1.0,1,113780,4021869.0,0,1,1,70
Warehouse,GREATER DUWAMISH,1.0,1,243044,1396082.25,0,1,1,26
Other,LAKE UNION,1.0,3,123940,11521702.0,0,1,0,24
Other,MAGNOLIA / QUEEN ANNE,1.0,3,53464,6876439.5,0,1,0,73
Retail Store,NORTHWEST,1.0,1,131387,8949319.0,0,1,1,28
Warehouse,NORTHWEST,1.0,3,94400,800622.875,0,1,1,26
Other,NORTHWEST,6.0,1,111900,10079993.0,0,1,1,61
Supermarket / Grocery Store,NORTHWEST,1.0,1,144776,13827966.0,0,1,1,41
Supermarket / Grocery Store,NORTHWEST,1.0,1,50083,8901074.0,0,1,1,28
Large Office,LAKE UNION,1.0,3,95426,4991360.5,0,1,1,37
Small- and Mid-Sized Office,LAKE UNION,1.0,4,53472,3897738.0,0,1,0,25
Small- and Mid-Sized Office,LAKE UNION,1.0,3,62332,5413418.0,0,1,0,24
Large Office,LAKE UNION,1.0,3,166128,11325513.0,0,1,1,26
Large Office,LAKE UNION,1.0,4,140302,8651835.0,0,1,1,26
Large Office,GREATER DUWAMISH,1.0,5,268920,7683885.0,0,1,0,43
Warehouse,GREATER DUWAMISH,1.0,2,90000,1468317.375,0,1,1,58
Retail Store,GREATER DUWAMISH,1.0,1,50200,1193084.5,0,1,1,59
Small- and Mid-Sized Office,BALLARD,1.0,6,87833,5055586.0,0,1,1,100
Warehouse,BALLARD,1.0,2,63240,272913.6875,0,1,1,84
Self-Storage Facility,MAGNOLIA / QUEEN ANNE,1.0,4,106893,465533.3125,0,1,0,37
Warehouse,MAGNOLIA / QUEEN ANNE,1.0,4,106041,1254908.5,0,1,1,28
Self-Storage Facility,MAGNOLIA / QUEEN ANNE,1.0,3,94470,1187738.375,0,1,1,69
Large Office,DOWNTOWN,1.0,10,143508,7783714.5,0,1,0,23
Warehouse,GREATER DUWAMISH,1.0,1,22780,402051.3125,0,1,0,59
Distribution Center,GREATER DUWAMISH,1.0,1,124472,6345882.5,0,1,1,58
Distribution Center,GREATER DUWAMISH,1.0,1,50065,1751500.375,0,1,1,58
Distribution Center,GREATER DUWAMISH,1.0,1,57540,2808274.75,0,1,1,56
Warehouse,GREATER DUWAMISH,1.0,1,85400,1536998.25,0,1,0,59
Warehouse,GREATER DUWAMISH,1.0,1,55700,528115.6875,0,1,0,59
Small- and Mid-Sized Office,GREATER DUWAMISH,1.0,1,53250,1760992.25,0,1,1,61
Small- and Mid-Sized Office,MAGNOLIA / QUEEN ANNE,1.0,6,50245,2220030.5,0,1,1,38
Warehouse,NORTHWEST,1.0,3,64660,333622.5938,0,1,1,39
Mixed Use Property,EAST,1.0,2,55916,3774978.5,0,1,1,98
Distribution Center,GREATER DUWAMISH,1.0,1,161678,10093972.0,0,1,1,57
Distribution Center,GREATER DUWAMISH,1.0,1,52613,1231121.75,0,1,1,45
Other,GREATER DUWAMISH,1.0,1,56608,5246590.0,0,1,1,85
Supermarket / Grocery Store,NORTH,1.0,1,58480,11311432.0,0,1,1,45
Large Office,LAKE UNION,1.0,6,211900,9200102.0,0,1,0,20
Retail Store,LAKE UNION,1.0,4,104014,10443463.0,0,1,1,29
Small- and Mid-Sized Office,CENTRAL,1.0,2,62220,5444253.5,0,1,1,111
Small- and Mid-Sized Office,GREATER DUWAMISH,1.0,1,65430,3586460.5,0,1,1,55
Large Office,NORTHEAST,1.0,3,59850,6114351.5,0,1,1,19
Other,CENTRAL,1.0,3,80004,12232124.0,0,1,0,99
Warehouse,GREATER DUWAMISH,1.0,2,323916,8767252.0,0,1,1,34
Small- and Mid-Sized Office,LAKE UNION,1.0,4,54175,4910799.5,0,1,0,47
Distribution Center,GREATER DUWAMISH,1.0,2,98024,2109093.75,0,1,1,36
Mixed Use Property,LAKE UNION,1.0,1,50000,2758081.75,0,1,1,97
Large Office,LAKE UNION,1.0,5,77953,5318277.0,0,1,0,35
Retail Store,NORTH,1.0,2,302812,7783388.0,0,1,1,75
Small- and Mid-Sized Office,NORTHWEST,1.0,5,86400,9266020.0,0,1,1,51
Other,North,1.0,2,98539,5502264.5,0,1,1,56
Small- and Mid-Sized Office,NORTHWEST,1.0,6,86483,6636482.5,0,1,0,44
Distribution Center,DELRIDGE,1.0,1,51600,1196293.25,0,1,1,49
Warehouse,DELRIDGE,1.0,1,140520,2502923.5,0,1,1,57
Large Office,MAGNOLIA / QUEEN ANNE,1.0,5,91649,4636396.5,0,1,1,39
Other,NORTHWEST,1.0,3,69854,7063953.5,0,1,1,20
Medical Office,NORTHWEST,1.0,3,63909,4765753.5,0,1,0,20
Warehouse,NORTHWEST,1.0,2,53472,1065308.875,0,1,1,77
Warehouse,GREATER DUWAMISH,1.0,1,50417,2149815.75,0,1,1,45
Restaurant,DOWNTOWN,1.0,1,43728,11854450.0,0,0,1,125
Retail Store,NORTH,1.0,2,168619,6718441.0,0,1,1,60
Large Office,LAKE UNION,1.0,4,104500,6486377.5,0,1,0,25
Warehouse,GREATER DUWAMISH,1.0,2,104786,1153253.75,0,1,1,56
Other,GREATER DUWAMISH,1.0,1,11440,1901429.125,0,1,1,25
Other,GREATER DUWAMISH,1.0,1,110689,2789899.0,0,1,1,52
Small- and Mid-Sized Office,GREATER DUWAMISH,1.0,1,53620,2145554.75,0,1,1,77
Small- and Mid-Sized Office,GREATER DUWAMISH,1.0,1,50008,3380481.5,0,1,1,87
Large Office,MAGNOLIA / QUEEN ANNE,1.0,4,191000,6657348.5,0,1,1,16
Warehouse,GREATER DUWAMISH,1.0,1,50832,2551022.25,0,1,1,68
Refrigerated Warehouse,GREATER DUWAMISH,1.0,1,76354,2792753.5,0,1,1,54
Warehouse,GREATER DUWAMISH,1.0,1,98480,2898646.0,0,1,1,69
Mixed Use Property,LAKE UNION,1.0,2,53002,3591767.75,0,1,1,121
Large Office,LAKE UNION,1.0,11,124721,14339818.0,0,1,1,54
Small- and Mid-Sized Office,LAKE UNION,1.0,7,94002,5662234.0,0,1,0,55
Warehouse,GREATER DUWAMISH,1.0,1,93020,1252323.875,0,1,0,51
Other,DOWNTOWN,1.0,1,23000,845892.1875,0,1,1,79
Supermarket / Grocery Store,SOUTHEAST,1.0,1,61053,13564414.0,0,1,1,23
Small- and Mid-Sized Office,DOWNTOWN,1.0,5,78920,2830674.75,0,1,0,121
Small- and Mid-Sized Office,DOWNTOWN,1.0,7,99440,6669621.5,0,1,1,119
Small- and Mid-Sized Office,DOWNTOWN,1.0,6,73260,3020795.0,0,1,0,118
Small- and Mid-Sized Office,DOWNTOWN,1.0,4,69817,2380143.75,1,1,1,125
Small- and Mid-Sized Office,DOWNTOWN,1.0,4,84750,2165173.25,0,1,1,125
Small- and Mid-Sized Office,DOWNTOWN,1.0,6,62176,3740114.25,0,1,0,125
Large Office,DOWNTOWN,1.0,4,164380,7778893.0,1,1,1,125
Large Office,DOWNTOWN,1.0,7,160580,4501784.0,1,1,1,118
Small- and Mid-Sized Office,DOWNTOWN,1.0,6,73470,3408133.75,0,1,0,116
Other,DOWNTOWN,1.0,3,67755,2031594.375,0,1,0,119
Mixed Use Property,GREATER DUWAMISH,1.0,3,56700,2462293.5,0,1,1,115
Warehouse,GREATER DUWAMISH,1.0,1,82852,2472120.0,0,1,1,103
Other,GREATER DUWAMISH,1.0,2,76442,4608482.0,0,1,1,72
Distribution Center,GREATER DUWAMISH,1.0,2,92792,3471977.25,0,1,1,63
Other,GREATER DUWAMISH,2.0,2,125519,2244317.0,0,1,0,84
Large Office,GREATER DUWAMISH,1.0,4,103200,4374646.0,0,1,0,125
Warehouse,GREATER DUWAMISH,1.0,1,78814,911161.3125,0,1,1,71
Small- and Mid-Sized Office,GREATER DUWAMISH,1.0,4,58970,1916863.375,0,1,1,121
Distribution Center,GREATER DUWAMISH,1.0,6,64800,2688675.75,0,1,0,115
Distribution Center,GREATER DUWAMISH,1.0,4,56270,1056782.125,0,1,0,118
Small- and Mid-Sized Office,DOWNTOWN,1.0,4,66842,5550151.0,0,1,1,121
Small- and Mid-Sized Office,DOWNTOWN,1.0,6,64488,2972492.75,0,1,1,116
Large Office,DOWNTOWN,1.0,7,184322,9722890.0,0,1,0,121
Small- and Mid-Sized Office,GREATER DUWAMISH,1.0,2,64512,6114759.5,0,1,1,111
Warehouse,GREATER DUWAMISH,1.0,7,144050,4347677.0,0,1,1,99
Small- and Mid-Sized Office,GREATER DUWAMISH,1.0,3,60592,5107519.5,0,1,1,95
Retail Store,GREATER DUWAMISH,1.0,1,107930,7589347.5,0,1,1,32
Warehouse,GREATER DUWAMISH,1.0,1,99084,1838287.25,0,1,1,99
Distribution Center,Delridge,1.0,1,72719,2774363.5,0,1,1,72
Small- and Mid-Sized Office,EAST,1.0,4,76624,3166841.75,0,1,1,95
Small- and Mid-Sized Office,NORTHEAST,1.0,6,55123,8570571.0,0,1,0,24
Large Office,DELRIDGE,1.0,5,121885,8381834.5,0,1,0,34
Retail Store,GREATER DUWAMISH,1.0,1,56572,2540840.5,0,1,1,52
Small- and Mid-Sized Office,DOWNTOWN,1.0,6,97720,2478025.25,0,1,0,99
Medical Office,CENTRAL,1.0,7,94500,5739540.0,0,1,0,38
Retail Store,DELRIDGE,1.0,1,94713,5820712.5,0,1,1,20
Large Office,DOWNTOWN,1.0,6,205521,8455976.0,1,1,1,125
Small- and Mid-Sized Office,DOWNTOWN,1.0,6,56700,3065954.5,0,1,0,125
Small- and Mid-Sized Office,GREATER DUWAMISH,1.0,4,72000,2739121.5,0,1,1,100
Large Office,MAGNOLIA / QUEEN ANNE,1.0,4,96254,5101504.5,0,1,0,25
Other,DELRIDGE,1.0,3,57236,9596839.0,0,1,1,24
Other,MAGNOLIA / QUEEN ANNE,3.0,2,81336,13360349.0,0,1,1,31
Other,DOWNTOWN,1.0,6,78852,5233553.5,0,1,0,42
Small- and Mid-Sized Office,MAGNOLIA / QUEEN ANNE,1.0,5,98668,4395027.0,0,1,0,43
Large Office,GREATER DUWAMISH,1.0,1,130550,9336260.0,0,1,1,18
Retail Store,MAGNOLIA / QUEEN ANNE,1.0,1,50660,2956254.5,0,1,1,47
Small- and Mid-Sized Office,MAGNOLIA / QUEEN ANNE,1.0,2,61929,2421613.25,0,1,1,88
Small- and Mid-Sized Office,DOWNTOWN,1.0,3,20565,830100.0,0,1,0,100
Large Office,MAGNOLIA / QUEEN ANNE,1.0,5,103966,7857972.5,0,1,0,25
Large Office,MAGNOLIA / QUEEN ANNE,1.0,5,129362,5799664.5,0,1,1,39
Large Office,DOWNTOWN,1.0,7,197203,12729858.0,0,1,0,39
Large Office,DOWNTOWN,1.0,3,187130,10445641.0,0,1,0,32
Warehouse,DOWNTOWN,1.0,5,154330,1411471.75,0,1,0,113
Large Office,DOWNTOWN,1.0,6,93555,4682152.5,1,1,0,107
Large Office,DOWNTOWN,1.0,6,167860,7046428.5,0,1,0,120
Large Office,DOWNTOWN,1.0,6,112560,5268183.0,0,1,1,115
Retail Store,DOWNTOWN,1.0,6,86204,3350477.0,0,1,1,115
Warehouse,GREATER DUWAMISH,1.0,2,145158,8615958.0,0,1,1,40
Large Office,GREATER DUWAMISH,1.0,2,112896,10622784.0,0,1,1,74
Distribution Center,GREATER DUWAMISH,1.0,1,110613,1015060.188,0,1,0,65
Warehouse,GREATER DUWAMISH,1.0,4,149881,2869350.25,0,1,1,74
Warehouse,GREATER DUWAMISH,1.0,3,98220,6562048.5,0,1,1,74
Distribution Center,GREATER DUWAMISH,1.0,1,84420,2882685.0,0,1,0,55
Distribution Center,GREATER DUWAMISH,1.0,1,73335,5459973.5,0,1,1,64
Distribution Center,GREATER DUWAMISH,1.0,2,56876,2015776.625,0,1,1,97
Warehouse,GREATER DUWAMISH,1.0,2,61200,5285776.5,0,1,1,94
Distribution Center,GREATER DUWAMISH,1.0,1,111908,1667059.125,0,1,1,38
Other,GREATER DUWAMISH,3.0,2,63644,7448018.0,0,1,1,39
Mixed Use Property,GREATER DUWAMISH,3.0,2,89893,3714717.25,0,1,0,95
Small- and Mid-Sized Office,BALLARD,1.0,4,71037,4817062.0,0,1,0,24
Warehouse,MAGNOLIA / QUEEN ANNE,1.0,3,56259,2685146.5,0,1,1,51
Large Office,LAKE UNION,1.0,4,113768,8873485.0,0,1,0,17
Small- and Mid-Sized Office,LAKE UNION,1.0,2,51374,5481549.0,0,1,0,25
Large Office,MAGNOLIA / QUEEN ANNE,1.0,5,110524,6859198.0,0,1,0,27
Large Office,MAGNOLIA / QUEEN ANNE,1.0,7,157186,8732968.0,0,1,1,25
Large Office,MAGNOLIA / QUEEN ANNE,1.0,5,84210,5034942.5,0,1,1,51
Small- and Mid-Sized Office,DOWNTOWN,1.0,3,76893,12289373.0,0,1,1,123
Large Office,DOWNTOWN,1.0,8,126370,9836703.0,0,1,1,50
Large Office,DOWNTOWN,1.0,11,169020,12019477.0,1,1,1,62
Retail Store,DOWNTOWN,1.0,4,78920,8303666.5,0,1,1,96
Mixed Use Property,EAST,1.0,4,55520,3904791.25,0,1,1,117
Large Office,DOWNTOWN,1.0,10,132998,4040138.75,1,1,0,117
Retail Store,DOWNTOWN,1.0,3,83118,2533838.5,0,1,1,85
Retail Store,DOWNTOWN,1.0,3,77555,7802205.5,0,1,1,101
Small- and Mid-Sized Office,DOWNTOWN,1.0,6,51218,2886141.5,0,1,0,116
Large Office,DOWNTOWN,1.0,7,122356,4675881.5,0,1,1,115
Small- and Mid-Sized Office,DOWNTOWN,1.0,3,52298,2038746.5,0,1,0,104
Large Office,DOWNTOWN,1.0,17,116640,7066534.5,1,1,0,114
Medical Office,EAST,1.0,5,89025,8588643.0,0,1,1,37
University,CENTRAL,1.0,2,60122,745830.3125,0,1,1,109
Small- and Mid-Sized Office,DOWNTOWN,1.0,6,81300,4269199.5,0,1,1,115
Large Office,DOWNTOWN,1.0,8,321473,13568148.0,0,1,0,27
Other,GREATER DUWAMISH,1.0,2,58492,1849863.625,0,1,1,86
Small- and Mid-Sized Office,GREATER DUWAMISH,1.0,6,62370,4353025.0,0,1,0,118
Warehouse,GREATER DUWAMISH,1.0,1,73296,2709055.0,0,1,1,65
Other,GREATER DUWAMISH,1.0,4,99122,14522162.0,0,1,1,81
Other,GREATER DUWAMISH,1.0,1,66133,6528948.0,0,1,1,40
Warehouse,GREATER DUWAMISH,1.0,2,115668,3847929.5,0,1,1,73
Other,GREATER DUWAMISH,1.0,1,141686,6837936.0,0,1,0,55
Small- and Mid-Sized Office,GREATER DUWAMISH,1.0,1,93610,6612733.0,0,1,1,75
Large Office,GREATER DUWAMISH,1.0,2,156188,7181600.0,0,1,1,52
Warehouse,GREATER DUWAMISH,1.0,1,115620,1951856.25,0,1,0,59
Large Office,GREATER DUWAMISH,1.0,5,238148,10775646.0,0,1,0,50
Distribution Center,GREATER DUWAMISH,1.0,1,71718,151754.2969,0,1,0,56
Warehouse,GREATER DUWAMISH,1.0,1,55450,4843056.0,0,1,1,56
Distribution Center,GREATER DUWAMISH,1.0,1,54880,3013861.5,0,1,1,46
Retail Store,DELRIDGE,1.0,1,102500,7728856.5,0,1,1,33
Other,NORTHEAST,1.0,6,88498,9158207.0,0,1,1,23
Supermarket / Grocery Store,GREATER DUWAMISH,1.0,1,50785,7593035.0,0,1,1,62
Other,North,1.0,5,283435,11077140.0,0,1,1,25
Mixed Use Property,DOWNTOWN,1.0,4,73320,1315191.375,0,1,1,123
Large Office,MAGNOLIA / QUEEN ANNE,1.0,4,142510,9683979.0,0,1,0,17
Small- and Mid-Sized Office,DOWNTOWN,1.0,6,79920,5587502.5,0,1,1,125
Warehouse,GREATER DUWAMISH,1.0,1,179413,3459543.0,0,1,0,79
Warehouse,GREATER DUWAMISH,1.0,1,65288,605971.1875,0,1,0,108
Warehouse,Delridge,1.0,1,170632,622185.6875,0,1,0,59
Large Office,MAGNOLIA / QUEEN ANNE,1.0,10,381511,11518169.0,0,1,1,31
Large Office,DOWNTOWN,1.0,17,275166,13631141.0,0,1,0,16
Mixed Use Property,NORTHEAST,1.0,6,68100,5034998.5,0,1,1,16
Retail Store,NORTHEAST,1.0,2,93803,5561522.5,0,1,1,69
Warehouse,GREATER DUWAMISH,1.0,2,123000,3004271.0,0,1,0,59
Medical Office,EAST,1.0,5,162150,9941308.0,0,1,0,22
Warehouse,GREATER DUWAMISH,1.0,1,60448,1167543.25,0,1,1,47
Other,MAGNOLIA / QUEEN ANNE,3.0,4,62600,12637976.0,0,1,1,97
Mixed Use Property,EAST,1.0,4,55800,2740574.75,0,1,1,21
Medical Office,EAST,1.0,5,130262,12814944.0,0,1,1,35
Other,NORTH,1.0,5,90266,7947933.5,0,1,0,38
Warehouse,Ballard,1.0,4,80874,1185468.125,0,1,1,21
Hotel,EAST,1.0,6,100528,13961121.0,0,1,1,22
Hotel,MAGNOLIA / QUEEN ANNE,1.0,5,90583,9495641.0,0,1,1,17
Warehouse,EAST,1.0,4,132828,1083729.625,0,1,0,37
Warehouse,DELRIDGE,1.0,1,70400,14128860.0,0,1,1,55
Retail Store,NORTHWEST,1.0,1,101830,11474490.0,0,1,1,30
University,CENTRAL,2.0,4,114000,7575080.0,0,1,1,51
Warehouse,SOUTHWEST,1.0,1,152365,1088167.75,0,1,1,60
Retail Store,GREATER DUWAMISH,1.0,1,74178,5617868.0,0,1,1,67
Warehouse,NORTH,1.0,4,80360,755287.5,0,1,1,38
K-12 School,SOUTHWEST,1.0,1,61183,2789344.0,0,1,1,75
Supermarket / Grocery Store,EAST,1.0,3,119190,10434333.0,0,1,1,29
Other,GREATER DUWAMISH,1.0,2,51856,1935438.625,0,1,0,17
Mixed Use Property,GREATER DUWAMISH,1.0,3,53552,7070998.5,0,1,0,104
Low-Rise Multifamily,LAKE UNION,1.0,3,56986,2090011.625,0,1,1,25
Worship Facility,NORTHEAST,1.0,2,22220,891251.5,0,1,1,68
K-12 School,NORTHEAST,1.0,1,46732,2637723.5,0,1,1,70
Mixed Use Property,GREATER DUWAMISH,1.0,1,44700,2173092.25,0,1,1,63
Warehouse,GREATER DUWAMISH,1.0,1,44100,1692054.125,0,1,0,49
Distribution Center,GREATER DUWAMISH,1.0,1,27800,1337789.75,0,1,1,60
Warehouse,GREATER DUWAMISH,1.0,1,46340,2564004.0,0,1,0,24
Other,GREATER DUWAMISH,3.0,1,22800,2660376.75,0,1,1,31
Small- and Mid-Sized Office,CENTRAL,1.0,3,38460,2064345.875,0,1,1,115
Worship Facility,NORTHWEST,1.0,2,21022,1078904.0,0,1,1,103
K-12 School,SOUTHWEST,1.0,2,51489,2244011.75,0,1,1,71
Distribution Center,GREATER DUWAMISH,1.0,1,48001,2495909.5,0,1,1,58
Warehouse,GREATER DUWAMISH,1.0,1,26380,526955.3125,0,1,1,46
Warehouse,GREATER DUWAMISH,1.0,1,37351,2832228.5,0,1,1,56
Warehouse,GREATER DUWAMISH,1.0,1,30375,345866.6875,0,1,0,44
Warehouse,GREATER DUWAMISH,1.0,1,30004,369291.5,0,1,0,46
Other,NORTHEAST,1.0,3,39971,11316338.0,0,1,1,97
Worship Facility,BALLARD,1.0,2,33589,606874.5,0,1,1,111
Small- and Mid-Sized Office,BALLARD,1.0,3,43500,3220635.25,0,1,1,46
Small- and Mid-Sized Office,BALLARD,1.0,2,28492,2000228.875,0,1,1,47
Small- and Mid-Sized Office,BALLARD,1.0,3,22325,1401315.875,0,1,0,62
Restaurant,BALLARD,1.0,3,22719,1358519.0,0,1,0,48
Laboratory,DOWNTOWN,1.0,2,22588,7251589.0,0,1,0,79
K-12 School,CENTRAL,1.0,2,37327,2179860.5,0,1,1,100
Retail Store,DOWNTOWN,1.0,2,147545,7339108.0,0,1,1,108
Other,NORTH,1.0,2,21462,1207838.75,0,1,0,102
K-12 School,NORTHWEST,1.0,2,47602,2589620.0,0,1,1,95
Other,NORTHWEST,1.0,2,28072,1587238.0,0,1,1,108
Restaurant,DOWNTOWN,1.0,2,31020,5231756.5,0,1,1,70
Small- and Mid-Sized Office,DOWNTOWN,1.0,2,21600,1636649.125,0,1,1,108
Small- and Mid-Sized Office,DOWNTOWN,1.0,5,48505,4673727.5,0,1,1,51
Small- and Mid-Sized Office,DOWNTOWN,1.0,3,64630,1408291.375,0,1,0,83
Worship Facility,DOWNTOWN,1.0,2,20920,1208581.375,0,1,1,77
Worship Facility,SOUTHWEST,1.0,2,22128,727772.8125,0,1,1,99
Retail Store,NORTHWEST,1.0,1,48139,959683.125,0,1,1,57
Worship Facility,SOUTHWEST,1.0,2,21364,1110209.25,0,1,1,76
University,DOWNTOWN,1.0,2,28923,508430.5938,0,1,1,33
University,DOWNTOWN,1.0,3,21600,359207.1875,0,1,1,97
Retail Store,NORTHEAST,1.0,1,25735,1245673.0,0,1,1,29
Retail Store,NORTHEAST,1.0,2,25862,4765879.0,0,1,1,69
Retail Store,NORTHEAST,1.0,2,49965,3424428.0,0,1,1,22
Small- and Mid-Sized Office,DOWNTOWN,1.0,2,20028,550668.125,1,1,0,96
Small- and Mid-Sized Office,DOWNTOWN,1.0,7,23622,575362.5,0,1,1,125
Small- and Mid-Sized Office,DOWNTOWN,1.0,3,23563,883197.6875,0,1,0,123
Mixed Use Property,DOWNTOWN,1.0,3,28600,1167559.75,0,1,1,122
Mixed Use Property,DOWNTOWN,1.0,2,26160,2249630.25,0,1,0,47
Small- and Mid-Sized Office,DOWNTOWN,1.0,5,26840,1997288.75,0,1,0,119
Retail Store,DOWNTOWN,1.0,2,46800,1245187.5,0,1,0,119
Small- and Mid-Sized Office,DOWNTOWN,1.0,3,37350,2067352.5,0,1,1,46
Small- and Mid-Sized Office,DOWNTOWN,1.0,3,28800,1423579.25,0,1,1,117
Small- and Mid-Sized Office,DOWNTOWN,1.0,3,28584,1817034.125,0,1,1,71
Retail Store,DOWNTOWN,1.0,2,26270,1667641.25,0,1,1,94
Small- and Mid-Sized Office,DOWNTOWN,1.0,3,49800,2385395.0,0,1,0,99
Mixed Use Property,DOWNTOWN,1.0,2,22616,450780.1875,0,1,0,71
Hotel,DOWNTOWN,1.0,5,57800,2466522.25,0,1,1,35
Other,DOWNTOWN,1.0,2,31890,1788951.625,0,1,0,70
Small- and Mid-Sized Office,DOWNTOWN,1.0,2,30438,1523175.125,1,1,0,100
Restaurant,DOWNTOWN,1.0,3,22381,3625967.75,0,1,1,102
Retail Store,DOWNTOWN,1.0,1,23562,485607.1875,0,1,1,100
Medical Office,DOWNTOWN,1.0,4,26670,1640803.5,0,1,1,73
Other,DOWNTOWN,1.0,2,37740,3356598.0,0,1,1,103
Small- and Mid-Sized Office,DOWNTOWN,1.0,1,23752,1199844.875,0,1,1,60
Hotel,DOWNTOWN,1.0,4,44416,2736926.5,0,1,1,58
Mixed Use Property,DOWNTOWN,1.0,2,10925,2622096.5,0,1,1,19
Worship Facility,Northwest,1.0,2,45991,1297917.25,0,1,1,97
Residence Hall,NORTHEAST,1.0,3,21499,605130.6875,0,1,0,104
Small- and Mid-Sized Office,NORTHEAST,1.0,2,20384,1781798.375,0,1,1,36
Retail Store,NORTHEAST,1.0,2,39265,5322918.5,0,1,1,69
Retail Store,NORTHEAST,1.0,2,54284,6890861.0,0,1,1,69
Retail Store,NORTHEAST,1.0,1,23409,2621259.25,0,1,1,69
Retail Store,NORTHEAST,1.0,1,63153,4670313.0,0,1,1,28
Hotel,NORTHEAST,2.0,2,24100,1640279.375,0,1,1,64
Restaurant,DOWNTOWN,1.0,3,33600,4712960.5,0,1,1,102
Other,DOWNTOWN,1.0,4,32356,2013033.75,1,1,0,98
Hotel,DOWNTOWN,1.0,7,48220,4077797.0,0,1,1,65
Small- and Mid-Sized Office,DOWNTOWN,1.0,5,32256,3603400.0,0,1,1,47
Worship Facility,Northwest,1.0,2,21393,981916.5,0,1,1,77
Mixed Use Property,SOUTHEAST,1.0,2,47560,1221954.375,0,1,1,35
Senior Care Community,EAST,1.0,6,62334,1147752.25,0,1,1,19
Residence Hall,NORTHEAST,1.0,3,20960,1667310.5,0,1,1,95
University,DOWNTOWN,1.0,3,28800,773795.625,0,1,1,115
K-12 School,DOWNTOWN,1.0,2,21600,1415640.0,0,1,1,68
K-12 School,DOWNTOWN,1.0,3,22860,990507.3125,0,1,0,30
Worship Facility,NORTHEAST,1.0,1,26366,996850.0,0,1,1,53
Worship Facility,SOUTHEAST,1.0,2,21732,942745.6875,0,1,1,60
Mixed Use Property,BALLARD,1.0,1,21060,380806.5938,0,1,1,80
Mixed Use Property,BALLARD,1.0,4,20539,1695247.625,0,1,1,65
K-12 School,NORTHEAST,1.0,1,38624,1564929.125,0,1,1,67
Retail Store,NORTHEAST,1.0,3,32960,813641.0,0,1,0,125
Other,NORTHEAST,1.0,3,29636,688641.8125,0,1,0,104
Hotel,NORTHEAST,1.0,3,20571,759756.5,0,1,0,95
Worship Facility,NORTHEAST,1.0,2,47992,3518393.25,0,1,1,99
Residence Hall,NORTHEAST,1.0,3,28572,2759011.75,0,1,1,32
Residence Hall,EAST,1.0,15,84240,3042217.25,0,1,0,43
K-12 School,NORTHEAST,5.0,3,21500,7109712.5,0,1,1,36
Small- and Mid-Sized Office,LAKE UNION,1.0,2,57619,2641681.75,0,1,1,13
Hotel,DOWNTOWN,1.0,9,104000,9037184.0,1,1,1,100
K-12 School,GREATER DUWAMISH,1.0,1,55206,2644410.5,0,1,1,54
Senior Care Community,SOUTHEAST,1.0,3,78374,3397766.5,0,1,0,44
Mixed Use Property,BALLARD,1.0,2,38784,1894318.875,0,1,1,18
Other,GREATER DUWAMISH,1.0,2,41790,2283131.0,0,1,1,56
Small- and Mid-Sized Office,DOWNTOWN,1.0,5,39960,2388675.5,0,1,1,125
Warehouse,DOWNTOWN,1.0,5,33300,90558.70313,0,1,0,125
Hotel,DOWNTOWN,1.0,11,36240,2390584.0,1,1,1,99
Other,DOWNTOWN,1.0,3,32360,3269279.75,1,1,1,103
Other,DOWNTOWN,1.0,5,41536,2735166.0,0,1,0,117
Hotel,DOWNTOWN,1.0,6,35820,3547995.75,0,1,1,116
K-12 School,SOUTHWEST,1.0,2,33462,4719841.5,0,1,1,103
K-12 School,SOUTHWEST,1.0,3,49744,2421669.75,0,1,1,60
Worship Facility,SOUTHWEST,1.0,2,37816,1565229.75,0,1,1,102
Mixed Use Property,SOUTHWEST,1.0,2,23315,1490972.375,0,1,1,99
Mixed Use Property,SOUTHWEST,1.0,2,20700,4345884.5,0,1,1,95
Other,SOUTHWEST,1.0,1,28397,3563789.75,0,1,1,77
Supermarket / Grocery Store,SOUTHWEST,1.0,2,25762,1906384.875,0,1,0,79
Other,SOUTHWEST,1.0,1,33334,6405464.5,0,1,1,41
Small- and Mid-Sized Office,SOUTHWEST,1.0,3,43387,2695090.5,0,1,1,44
Mixed Use Property,NORTH,1.0,1,39350,267135.0938,0,1,0,46
Other,NORTH,1.0,1,22405,3556717.25,0,1,1,76
Other,NORTH,1.0,1,32590,1505296.875,0,1,1,12
Warehouse,GREATER DUWAMISH,1.0,1,37500,1908057.875,0,1,1,40
Medical Office,CENTRAL,1.0,2,39000,2654904.25,0,1,1,35
Other,SOUTHWEST,1.0,1,22180,5211179.5,0,1,1,101
K-12 School,GREATER DUWAMISH,1.0,1,51704,1965120.125,0,1,1,54
Distribution Center,GREATER DUWAMISH,1.0,1,25920,1212529.75,0,1,1,56
Refrigerated Warehouse,GREATER DUWAMISH,1.0,1,25480,741287.1875,0,1,0,72
Warehouse,GREATER DUWAMISH,1.0,2,31000,2315087.75,0,1,1,55
Small- and Mid-Sized Office,GREATER DUWAMISH,1.0,1,29740,1533262.0,0,1,1,64
Distribution Center,GREATER DUWAMISH,1.0,1,23236,484136.8125,0,1,1,71
Small- and Mid-Sized Office,SOUTHEAST,1.0,3,38075,2035301.25,0,1,1,16
Small- and Mid-Sized Office,SOUTHEAST,1.0,2,39170,2252219.5,0,1,1,55
Other,SOUTHEAST,1.0,1,36070,1542945.125,0,1,0,48
Other,SOUTHEAST,1.0,2,20047,128383.8984,0,1,0,62
Retail Store,GREATER DUWAMISH,1.0,1,20000,557863.6875,0,1,0,111
Warehouse,GREATER DUWAMISH,1.0,2,32400,248616.0,0,1,0,70
Supermarket / Grocery Store,MAGNOLIA / QUEEN ANNE,1.0,1,25159,9072714.0,0,1,1,63
Other,MAGNOLIA / QUEEN ANNE,1.0,1,27247,2607414.75,0,1,1,77
Distribution Center,GREATER DUWAMISH,1.0,1,26680,243518.2031,0,1,0,70
Warehouse,DELRIDGE,1.0,1,31521,1823198.75,0,1,1,72
Warehouse,GREATER DUWAMISH,1.0,1,24000,1510110.25,0,1,1,74
Self-Storage Facility,GREATER DUWAMISH,1.0,1,21900,1654353.5,0,1,1,73
Warehouse,GREATER DUWAMISH,1.0,1,38005,800420.6875,0,1,1,64
Distribution Center,GREATER DUWAMISH,1.0,1,35579,1259267.75,0,1,1,27
Distribution Center,GREATER DUWAMISH,1.0,1,49950,238969.7031,0,1,0,50
K-12 School,EAST,1.0,3,62078,2187712.5,0,1,1,24
Worship Facility,MAGNOLIA / QUEEN ANNE,1.0,2,22612,854810.625,0,1,1,78
Other,NORTH,1.0,2,38787,3513828.25,0,1,1,49
Self-Storage Facility,NORTH,2.0,2,50368,897822.875,0,1,1,37
Warehouse,GREATER DUWAMISH,1.0,1,30545,1861291.25,0,1,1,87
K-12 School,MAGNOLIA / QUEEN ANNE,1.0,3,32691,1095913.75,0,1,1,103
Worship Facility,MAGNOLIA / QUEEN ANNE,1.0,2,24227,1238854.625,0,1,1,62
Distribution Center,GREATER DUWAMISH,1.0,1,27000,735187.125,0,1,1,69
K-12 School,LAKE UNION,1.0,3,95501,3244148.0,0,1,1,26
Small- and Mid-Sized Office,LAKE UNION,1.0,2,21183,361542.0938,0,1,0,68
Small- and Mid-Sized Office,LAKE UNION,1.0,3,25558,804510.375,0,1,1,64
Large Office,LAKE UNION,1.0,5,82234,4843339.0,0,1,0,40
Residence Hall,LAKE UNION,1.0,3,21118,1427645.0,0,1,1,37
Large Office,LAKE UNION,1.0,5,126842,4515744.5,0,1,1,12
Small- and Mid-Sized Office,LAKE UNION,1.0,2,20500,1326178.125,0,1,1,125
Senior Care Community,BALLARD,1.0,2,3636,12805711.0,0,1,1,59
Worship Facility,NORTHEAST,1.0,2,25521,685885.625,0,1,1,95
K-12 School,NORTHEAST,1.0,1,23190,1929416.5,0,1,1,39
Small- and Mid-Sized Office,NORTHWEST,1.0,1,20678,875049.6875,0,1,1,65
K-12 School,NORTHWEST,1.0,3,28820,2959193.75,0,1,1,103
Worship Facility,SOUTHEAST,1.0,2,27876,2095655.25,0,1,1,71
K-12 School,MAGNOLIA / QUEEN ANNE,1.0,1,48789,1419585.125,0,1,1,100
K-12 School,SOUTHEAST,1.0,1,33105,1924436.0,0,1,1,100
Senior Care Community,SOUTHEAST,1.0,2,41649,7048919.0,0,1,1,59
Warehouse,GREATER DUWAMISH,1.0,1,22320,462174.4063,0,1,0,48
Other,GREATER DUWAMISH,1.0,1,47105,10234721.0,0,1,1,49
Small- and Mid-Sized Office,GREATER DUWAMISH,1.0,2,40029,1575328.25,0,1,0,43
Small- and Mid-Sized Office,GREATER DUWAMISH,1.0,2,28304,1322894.5,0,1,0,55
Other,GREATER DUWAMISH,1.0,1,26400,452612.5,0,1,0,55
Warehouse,GREATER DUWAMISH,1.0,1,27680,1918665.75,0,1,1,57
Small- and Mid-Sized Office,GREATER DUWAMISH,1.0,2,25872,1853911.875,0,1,1,56
Small- and Mid-Sized Office,GREATER DUWAMISH,1.0,2,25872,2498335.25,0,1,1,56
Warehouse,GREATER DUWAMISH,1.0,1,20500,222600.0938,0,1,0,56
Small- and Mid-Sized Office,LAKE UNION,1.0,2,21436,558727.875,0,1,0,67
Mixed Use Property,NORTHEAST,1.0,1,20233,690322.6875,0,1,1,27
Small- and Mid-Sized Office,LAKE UNION,1.0,4,27526,1039085.375,0,1,1,19
Small- and Mid-Sized Office,LAKE UNION,1.0,3,23307,1214408.75,0,1,1,40
Self-Storage Facility,DOWNTOWN,1.0,6,46580,778702.125,0,1,0,97
Retail Store,DOWNTOWN,1.0,2,25920,478690.0938,0,1,0,109
Retail Store,DOWNTOWN,1.0,2,25920,1046976.813,0,1,1,106
Hotel,DOWNTOWN,1.0,8,61721,2968429.75,0,1,1,115
Small- and Mid-Sized Office,DOWNTOWN,1.0,2,25920,1945839.625,0,1,1,106
Small- and Mid-Sized Office,EAST,1.0,4,39760,2741556.25,1,1,1,100
Other,EAST,1.0,3,30971,2974354.25,1,1,1,105
Small- and Mid-Sized Office,EAST,1.0,3,22667,4141811.25,1,1,1,79
Warehouse,LAKE UNION,1.0,2,33840,2339649.75,0,1,1,98
Mixed Use Property,LAKE UNION,5.0,3,32601,4288601.5,0,1,1,24
Small- and Mid-Sized Office,LAKE UNION,1.0,5,27730,1291405.25,0,1,0,24
Retail Store,LAKE UNION,1.0,2,20516,1109483.125,0,1,1,114
Retail Store,LAKE UNION,1.0,3,27480,1215156.25,0,1,0,119
Mixed Use Property,LAKE UNION,1.0,1,46958,1818867.875,0,1,1,78
Distribution Center,LAKE UNION,1.0,1,26532,2261229.0,0,1,1,41
Small- and Mid-Sized Office,LAKE UNION,1.0,2,22388,605182.6875,0,1,1,44
Other,LAKE UNION,1.0,1,30730,3269018.5,0,1,1,56
Small- and Mid-Sized Office,LAKE UNION,1.0,2,35600,2195095.5,0,1,1,39
Worship Facility,MAGNOLIA / QUEEN ANNE,1.0,3,62000,2158433.5,0,1,1,76
Small- and Mid-Sized Office,MAGNOLIA / QUEEN ANNE,1.0,2,23600,839316.3125,0,1,0,44
Small- and Mid-Sized Office,MAGNOLIA / QUEEN ANNE,1.0,3,40067,2303732.75,0,1,0,39
Small- and Mid-Sized Office,MAGNOLIA / QUEEN ANNE,1.0,3,19497,1074989.0,0,1,0,36
Small- and Mid-Sized Office,MAGNOLIA / QUEEN ANNE,1.0,3,25262,1508578.25,0,1,1,46
Other,LAKE UNION,1.0,3,53103,4879644.0,0,1,1,29
Small- and Mid-Sized Office,MAGNOLIA / QUEEN ANNE,1.0,3,34106,1785202.125,0,1,0,45
Small- and Mid-Sized Office,MAGNOLIA / QUEEN ANNE,1.0,3,34545,2313978.75,0,1,0,45
Small- and Mid-Sized Office,MAGNOLIA / QUEEN ANNE,1.0,3,70296,3018885.75,0,1,0,45
Small- and Mid-Sized Office,DOWNTOWN,1.0,4,27838,1265151.625,0,1,0,123
Distribution Center,DELRIDGE,2.0,2,28368,1931830.75,0,1,1,54
Other,NORTHWEST,1.0,2,92080,5368434.5,0,1,1,61
Other,NORTHWEST,1.0,1,20236,2089365.125,0,1,1,64
Small- and Mid-Sized Office,NORTHWEST,1.0,2,39815,2158188.5,0,1,1,74
Other,NORTHWEST,1.0,4,25557,2280352.5,0,1,0,55
Other,NORTHWEST,1.0,2,26994,3320817.0,0,1,1,67
Warehouse,NORTHWEST,1.0,1,48112,1463960.0,0,1,0,53
Other,NORTHWEST,1.0,1,20909,1296995.0,0,1,1,16
Small- and Mid-Sized Office,NORTHWEST,1.0,2,26275,1871245.75,0,1,0,24
Other,NORTHWEST,1.0,2,45000,6104259.5,0,1,1,18
Retail Store,NORTHWEST,1.0,1,26115,1760626.0,0,1,1,27
Worship Facility,NORTHEAST,1.0,1,26033,1343672.875,0,1,1,76
K-12 School,MAGNOLIA / QUEEN ANNE,1.0,4,48660,2115259.0,0,1,1,18
Senior Care Community,MAGNOLIA / QUEEN ANNE,1.0,2,46539,5589312.5,0,1,1,55
Residence Hall,DOWNTOWN,1.0,4,29796,2309752.75,0,1,1,116
Retail Store,DOWNTOWN,1.0,2,26400,1013921.625,0,1,1,105
Small- and Mid-Sized Office,DOWNTOWN,1.0,3,38148,1262255.75,0,1,0,107
Mixed Use Property,LAKE UNION,1.0,2,28800,521523.1875,0,1,1,97
Worship Facility,MAGNOLIA / QUEEN ANNE,1.0,5,31945,1806468.0,0,1,0,70
Small- and Mid-Sized Office,MAGNOLIA / QUEEN ANNE,1.0,5,52908,4480961.0,0,1,0,40
Retail Store,DOWNTOWN,1.0,4,34680,1259828.25,0,1,1,125
Worship Facility,DOWNTOWN,1.0,3,40548,6207115.5,0,1,1,57
Retail Store,DOWNTOWN,1.0,1,36504,2147472.5,0,1,1,110
Small- and Mid-Sized Office,DOWNTOWN,1.0,6,35200,2998208.25,0,1,0,118
Small- and Mid-Sized Office,DOWNTOWN,1.0,5,35840,1724638.75,0,1,1,118
Other,DOWNTOWN,1.0,2,25920,1356947.75,0,1,0,84
Small- and Mid-Sized Office,DOWNTOWN,1.0,4,30525,2991557.25,1,1,0,97
Other,EAST,1.0,4,49243,8491346.0,0,1,1,61
Other,EAST,1.0,3,20411,2145049.5,0,1,1,113
Medical Office,EAST,1.0,2,20570,3129807.0,0,1,1,63
Small- and Mid-Sized Office,EAST,1.0,3,73549,3209164.5,0,1,1,115
Other,EAST,1.0,5,34380,11542708.0,1,1,1,37
Medical Office,EAST,1.0,3,39115,3838425.0,0,1,1,62
Other,EAST,1.0,3,38038,1255324.0,1,1,0,109
Worship Facility,EAST,1.0,3,37796,2769792.0,1,1,1,63
Small- and Mid-Sized Office,Ballard,1.0,1,27744,5355753.0,0,1,0,32
Warehouse,BALLARD,1.0,1,36444,169464.0938,0,1,0,65
Warehouse,BALLARD,1.0,1,27553,1054377.75,0,1,1,75
Distribution Center,BALLARD,3.0,1,57310,1395637.75,0,1,1,74
Mixed Use Property,LAKE UNION,1.0,2,25920,1071271.0,0,1,1,105
Restaurant,LAKE UNION,1.0,3,40686,2188575.25,0,1,1,106
Retail Store,LAKE UNION,1.0,2,45271,2912179.5,0,1,1,61
Small- and Mid-Sized Office,LAKE UNION,1.0,3,16200,1503529.375,0,1,1,105
Small- and Mid-Sized Office,LAKE UNION,1.0,3,26176,1074761.125,0,1,1,99
Small- and Mid-Sized Office,LAKE UNION,1.0,1,37740,7419337.0,0,1,1,99
Other,MAGNOLIA / QUEEN ANNE,1.0,1,26000,5719698.0,1,1,0,64
Worship Facility,MAGNOLIA / QUEEN ANNE,1.0,3,23241,789925.875,0,1,1,16
Other,MAGNOLIA / QUEEN ANNE,1.0,1,21018,1789470.75,1,1,0,23
Other,MAGNOLIA / QUEEN ANNE,1.0,1,30533,6193701.5,0,1,1,27
Other,MAGNOLIA / QUEEN ANNE,1.0,2,40600,2470816.0,1,1,1,33
Small- and Mid-Sized Office,LAKE UNION,1.0,4,38038,2040142.0,0,1,0,26
Small- and Mid-Sized Office,LAKE UNION,1.0,4,40000,2739358.75,0,1,1,18
Small- and Mid-Sized Office,LAKE UNION,1.0,3,35404,9228577.0,0,1,1,97
Large Office,LAKE UNION,1.0,6,29910,7429423.0,0,1,1,12
Small- and Mid-Sized Office,LAKE UNION,1.0,4,35780,1979164.25,0,1,0,99
Mixed Use Property,MAGNOLIA / QUEEN ANNE,1.0,4,17824,585965.6875,0,1,0,61
Other,DOWNTOWN,1.0,1,49680,2890473.75,1,1,0,59
Other,DOWNTOWN,1.0,1,36314,1882952.875,1,1,1,63
Other,DOWNTOWN,1.0,2,25920,1230670.25,0,1,0,109
Small- and Mid-Sized Office,DOWNTOWN,1.0,4,47686,2223121.25,1,1,0,106
Mixed Use Property,DOWNTOWN,1.0,2,49280,5469793.5,0,1,1,125
Low-Rise Multifamily,DOWNTOWN,1.0,4,45500,3778355.0,0,1,0,83
Restaurant,DOWNTOWN,1.0,2,25380,6868711.5,0,1,1,113
Small- and Mid-Sized Office,DOWNTOWN,1.0,6,40715,2877728.5,0,1,1,110
Mixed Use Property,DOWNTOWN,1.0,4,47265,1818635.25,0,1,0,35
Small- and Mid-Sized Office,DOWNTOWN,1.0,4,36160,1921962.0,0,1,0,115
Mixed Use Property,DOWNTOWN,1.0,1,34617,5123179.0,0,1,1,107
Small- and Mid-Sized Office,DOWNTOWN,1.0,5,66900,1634178.25,0,1,1,116
Mixed Use Property,DOWNTOWN,1.0,3,29340,2370772.25,0,1,1,115
Other,DOWNTOWN,1.0,2,22710,287763.5,0,1,0,95
Small- and Mid-Sized Office,LAKE UNION,1.0,3,36959,3205182.5,0,1,1,25
Small- and Mid-Sized Office,LAKE UNION,1.0,5,44860,3658985.5,0,1,1,61
K-12 School,EAST,1.0,2,45960,4711474.0,0,1,1,95
Small- and Mid-Sized Office,LAKE UNION,1.0,2,21128,436604.0938,0,1,0,66
Mixed Use Property,LAKE UNION,1.0,4,274442,9512996.0,0,1,1,17
Small- and Mid-Sized Office,LAKE UNION,1.0,3,51552,1539066.375,0,1,0,12
Hotel,LAKE UNION,1.0,4,38520,2874815.0,0,1,1,66
Hotel,LAKE UNION,1.0,3,24930,867184.375,0,1,1,64
Worship Facility,LAKE UNION,1.0,1,27338,682542.8125,0,1,0,65
Other,EAST,1.0,2,20110,2278550.5,0,1,1,26
Laboratory,MAGNOLIA / QUEEN ANNE,1.0,2,34416,12512916.0,0,1,1,63
Small- and Mid-Sized Office,MAGNOLIA / QUEEN ANNE,1.0,3,45864,3034554.5,0,1,1,95
K-12 School,NORTHWEST,1.0,2,49252,3870672.5,0,1,1,26
K-12 School,North,1.0,1,34005,991918.0,0,1,1,75
K-12 School,SOUTHWEST,1.0,1,41221,2246747.5,0,1,1,76
Small- and Mid-Sized Office,LAKE UNION,1.0,3,33176,1513388.25,0,1,1,38
Retail Store,LAKE UNION,1.0,3,21430,1980961.25,0,1,1,32
K-12 School,SOUTHEAST,1.0,2,75605,2457541.75,0,1,1,25
K-12 School,SOUTHEAST,1.0,2,29525,1369340.75,0,1,1,17
Other,EAST,1.0,3,31191,6014124.0,0,1,1,98
Other,NORTH,1.0,1,37377,3515178.25,0,1,1,78
Warehouse,GREATER DUWAMISH,1.0,1,29380,878933.3125,0,1,0,48
Worship Facility,EAST,1.0,2,22688,391818.4063,0,1,1,103
Other,SOUTHEAST,1.0,2,22364,1625774.5,0,1,1,63
Small- and Mid-Sized Office,GREATER DUWAMISH,1.0,2,41262,2001403.875,0,1,0,43
Small- and Mid-Sized Office,LAKE UNION,1.0,2,43183,7588115.5,0,1,1,72
Worship Facility,NORTH,1.0,3,45680,2394061.75,0,1,1,117
Worship Facility,SOUTHWEST,1.0,1,23562,531737.1875,0,1,0,68
Small- and Mid-Sized Office,Ballard,1.0,4,28844,973080.1875,0,1,0,26
K-12 School,DELRIDGE,1.0,2,54528,2024296.625,0,1,0,37
Warehouse,GREATER DUWAMISH,1.0,1,21101,819493.125,0,1,1,36
Refrigerated Warehouse,GREATER DUWAMISH,1.0,2,45594,1329148.25,0,1,0,111
Other,GREATER DUWAMISH,1.0,1,26660,2241280.5,0,1,0,75
Warehouse,GREATER DUWAMISH,1.0,1,28126,966168.625,0,1,1,50
Warehouse,GREATER DUWAMISH,1.0,1,35000,378714.4063,0,1,0,61
Warehouse,GREATER DUWAMISH,1.0,1,26150,1322416.75,0,1,1,63
Small- and Mid-Sized Office,GREATER DUWAMISH,1.0,2,24000,1148448.75,0,1,0,58
K-12 School,EAST,1.0,5,43594,2699616.0,0,1,1,57
Distribution Center,LAKE UNION,1.0,1,28080,892651.125,0,1,1,113
Senior Care Community,NORTHWEST,1.0,2,51298,5847878.5,0,1,1,71
Worship Facility,NORTHWEST,1.0,1,22047,272664.4063,0,1,0,63
Warehouse,GREATER DUWAMISH,1.0,1,31600,3731853.25,0,1,1,46
Warehouse,GREATER DUWAMISH,1.0,1,35289,1010737.813,0,1,1,18
Warehouse,GREATER DUWAMISH,1.0,1,28920,2053772.75,0,1,1,44
Warehouse,GREATER DUWAMISH,1.0,1,22176,746905.625,0,1,1,47
Warehouse,GREATER DUWAMISH,1.0,1,31300,398438.5938,0,1,1,47
Warehouse,GREATER DUWAMISH,1.0,1,22000,700627.625,0,1,0,46
Small- and Mid-Sized Office,NORTH,1.0,3,39927,3832168.5,0,1,0,51
Other,NORTH,1.0,1,30610,4513728.0,0,1,1,46
Medical Office,NORTH,1.0,2,20580,1002995.0,0,1,0,45
Medical Office,NORTH,1.0,2,38745,3073612.0,0,1,1,57
Self-Storage Facility,NORTHEAST,1.0,2,20296,855665.125,0,1,0,66
Mixed Use Property,NORTHEAST,1.0,2,22135,1365716.125,0,1,1,80
Medical Office,NORTHEAST,1.0,3,38378,1807593.875,0,1,1,58
Warehouse,NORTHEAST,1.0,2,33576,1466199.875,0,1,1,45
Supermarket / Grocery Store,NORTHEAST,1.0,1,33005,10821972.0,0,1,1,50
Other,EAST,1.0,1,20971,729397.1875,0,1,0,44
Small- and Mid-Sized Office,MAGNOLIA / QUEEN ANNE,1.0,3,23910,910117.6875,0,1,1,98
Worship Facility,BALLARD,1.0,2,21765,498909.0,0,1,1,115
Worship Facility,CENTRAL,1.0,2,26560,1831347.125,0,1,1,124
Warehouse,LAKE UNION,1.0,2,20140,116486.6016,0,1,0,68
Retail Store,GREATER DUWAMISH,1.0,2,38845,6917280.0,0,1,1,33
Supermarket / Grocery Store,GREATER DUWAMISH,1.0,1,26092,8071987.5,0,1,1,72
K-12 School,NORTH,1.0,1,38582,2054157.0,0,1,1,70
Small- and Mid-Sized Office,GREATER DUWAMISH,1.0,1,25500,1430417.125,0,1,1,58
Warehouse,GREATER DUWAMISH,1.0,1,41895,1343671.0,0,1,1,64
Retail Store,GREATER DUWAMISH,1.0,2,56193,2580058.5,0,1,1,67
K-12 School,BALLARD,1.0,3,35448,1632148.75,0,1,1,103
Supermarket / Grocery Store,BALLARD,1.0,1,29214,9558542.0,0,1,1,59
Supermarket / Grocery Store,BALLARD,1.0,1,46068,14473242.0,0,1,1,25
Other,BALLARD,1.0,1,32000,1527101.375,0,1,1,64
Mixed Use Property,BALLARD,1.0,2,31140,1111093.0,0,1,1,115
Warehouse,BALLARD,1.0,3,41478,3287502.0,0,1,1,50
Warehouse,BALLARD,1.0,1,39840,774360.0,0,1,0,45
Other,BALLARD,1.0,1,15000,1642173.75,0,1,1,21
Other,BALLARD,1.0,2,21528,330300.5,0,1,1,101
Other,BALLARD,1.0,2,30000,1115775.5,0,1,1,97
Other,BALLARD,1.0,2,30087,5205994.5,0,1,0,83
Worship Facility,BALLARD,1.0,1,40445,911009.375,0,1,1,50
Retail Store,BALLARD,1.0,1,23500,1149592.0,0,1,1,29
Retail Store,Ballard,1.0,1,22420,1524765.875,0,1,1,58
Supermarket / Grocery Store,MAGNOLIA / QUEEN ANNE,1.0,1,25842,8746499.0,0,1,1,64
Small- and Mid-Sized Office,MAGNOLIA / QUEEN ANNE,1.0,3,26389,1186733.125,0,1,0,33
Small- and Mid-Sized Office,MAGNOLIA / QUEEN ANNE,1.0,3,25859,916019.375,0,1,1,43
Warehouse,MAGNOLIA / QUEEN ANNE,1.0,1,25600,1943594.875,0,1,1,51
Other,MAGNOLIA / QUEEN ANNE,1.0,1,23169,222255.9063,0,1,0,60
Small- and Mid-Sized Office,MAGNOLIA / QUEEN ANNE,1.0,4,33385,1294615.25,0,1,0,17
Warehouse,MAGNOLIA / QUEEN ANNE,1.0,1,56884,1577967.75,0,1,1,65
Retail Store,BALLARD,1.0,1,32810,2168833.0,0,1,1,36
Self-Storage Facility,MAGNOLIA / QUEEN ANNE,1.0,3,30989,98862.89844,0,1,0,45
Self-Storage Facility,MAGNOLIA / QUEEN ANNE,1.0,3,39952,58114.19922,0,1,0,110
Small- and Mid-Sized Office,MAGNOLIA / QUEEN ANNE,1.0,2,20022,688824.0,0,1,0,64
Distribution Center,MAGNOLIA / QUEEN ANNE,1.0,2,36498,602201.625,0,1,1,65
Distribution Center,MAGNOLIA / QUEEN ANNE,1.0,1,35946,503210.6875,0,1,1,57
Small- and Mid-Sized Office,MAGNOLIA / QUEEN ANNE,1.0,4,24472,845044.125,0,1,1,18
Small- and Mid-Sized Office,MAGNOLIA / QUEEN ANNE,1.0,4,22365,727385.8125,0,1,0,46
Small- and Mid-Sized Office,MAGNOLIA / QUEEN ANNE,1.0,4,30172,967548.3125,0,1,0,31
Warehouse,BALLARD,1.0,4,42500,262995.3125,0,1,0,98
Small- and Mid-Sized Office,BALLARD,1.0,4,23032,1172535.25,0,1,0,124
Other,BALLARD,1.0,3,40836,7536508.5,0,1,1,125
Small- and Mid-Sized Office,BALLARD,1.0,2,23500,1745284.25,0,1,1,57
Small- and Mid-Sized Office,BALLARD,1.0,1,22282,665681.875,0,1,1,59
Self-Storage Facility,BALLARD,1.0,2,24000,599426.5,0,1,1,123
Mixed Use Property,BALLARD,1.0,3,27085,2151546.25,0,1,1,116
Other,NORTH,1.0,2,29258,8571176.0,0,1,1,29
Small- and Mid-Sized Office,NORTH,1.0,2,37500,2448649.75,0,1,1,94
K-12 School,NORTHWEST,1.0,3,23983,1270514.75,0,1,1,95
Distribution Center,DELRIDGE,1.0,1,24100,939941.6875,0,1,1,45
K-12 School,NORTHEAST,3.0,2,31343,4277566.0,0,1,1,21
Mixed Use Property,NORTHWEST,1.0,3,33062,2450442.75,0,1,0,29
Other,MAGNOLIA / QUEEN ANNE,1.0,2,20294,1845057.875,0,1,1,68
Small- and Mid-Sized Office,MAGNOLIA / QUEEN ANNE,1.0,4,29722,1286817.375,0,1,0,42
Small- and Mid-Sized Office,MAGNOLIA / QUEEN ANNE,1.0,4,26048,1785685.5,0,1,0,42
Mixed Use Property,MAGNOLIA / QUEEN ANNE,1.0,2,57644,2300589.0,0,1,1,65
Warehouse,MAGNOLIA / QUEEN ANNE,1.0,2,39497,1809734.75,0,1,1,70
Other,EAST,1.0,1,33087,3944599.75,0,1,1,93
Small- and Mid-Sized Office,NORTHWEST,1.0,2,27574,1243709.625,0,1,0,43
Retail Store,NORTH,1.0,1,24982,335245.0,0,1,0,60
Senior Care Community,North,1.0,5,43661,4141925.0,0,1,1,27
Small- and Mid-Sized Office,NORTHWEST,1.0,3,48798,2596383.25,0,1,0,38
Mixed Use Property,North,1.0,2,32009,2177737.0,0,1,1,73
Retail Store,NORTH,1.0,1,41615,2001296.75,0,1,0,59
Medical Office,NORTH,1.0,3,28841,1525049.625,0,1,1,37
Self-Storage Facility,NORTH,2.0,2,33344,129466.8984,0,1,0,48
Other,NORTH,2.0,1,30498,2652254.5,0,1,1,20
K-12 School,DELRIDGE,1.0,2,42975,1124454.25,0,1,1,101
Other,DELRIDGE,1.0,1,23260,1803514.875,0,1,1,62
Small- and Mid-Sized Office,DELRIDGE,1.0,2,30659,2828171.5,0,1,1,37
Other,MAGNOLIA / QUEEN ANNE,1.0,2,27144,1138349.25,0,1,1,105
Other,NORTHWEST,5.0,1,23166,3648465.5,0,1,1,55
Medical Office,NORTHWEST,1.0,2,34759,1633105.375,0,1,0,46
Worship Facility,NORTHWEST,1.0,2,44719,1781436.375,0,1,1,60
Supermarket / Grocery Store,GREATER DUWAMISH,1.0,1,21603,5927199.5,0,1,1,60
Distribution Center,DELRIDGE,1.0,1,42900,461205.5938,0,1,0,46
Other,DELRIDGE,5.0,1,57952,3347245.25,0,1,1,20
Other,DELRIDGE,1.0,1,26232,3315521.5,0,1,1,54
Warehouse,DOWNTOWN,1.0,2,25840,310602.3125,0,1,0,69
Small- and Mid-Sized Office,DOWNTOWN,1.0,1,45145,1405510.25,0,1,1,37
Small- and Mid-Sized Office,DOWNTOWN,1.0,5,48237,2000777.25,0,1,1,24
K-12 School,GREATER DUWAMISH,1.0,1,50546,1220512.25,0,1,1,54
Supermarket / Grocery Store,BALLARD,1.0,1,45522,12559767.0,0,1,1,31
Retail Store,NORTHWEST,1.0,2,20088,337536.0938,0,1,0,46
Other,GREATER DUWAMISH,5.0,2,138907,8551562.0,0,1,1,36
Small- and Mid-Sized Office,GREATER DUWAMISH,1.0,2,40657,2828385.0,0,1,1,28
Warehouse,GREATER DUWAMISH,1.0,1,20200,283275.0,0,1,1,125
Residence Hall,EAST,1.0,1,44086,4056815.5,1,1,1,121
Small- and Mid-Sized Office,EAST,1.0,7,33548,1479454.375,0,1,0,55
Small- and Mid-Sized Office,EAST,1.0,3,21282,1380656.125,1,1,0,69
Other,SOUTHEAST,1.0,2,41022,3787648.25,0,1,0,104
Other,DELRIDGE,1.0,2,28109,3612526.75,0,1,1,59
Small- and Mid-Sized Office,NORTH,1.0,3,20590,409578.4063,0,1,0,40
Warehouse,NORTH,1.0,1,21936,116642.5,0,1,1,48
Other,NORTH,1.0,1,30160,1184385.875,0,1,1,56
Mixed Use Property,DOWNTOWN,1.0,11,111137,9946297.0,0,1,1,116
Other,Delridge,1.0,1,40189,1594851.25,0,1,1,28
Small- and Mid-Sized Office,DELRIDGE,1.0,2,66484,3098383.5,0,1,0,37
Small- and Mid-Sized Office,EAST,1.0,3,25151,1481688.75,1,1,0,66
Hotel,EAST,1.0,6,35770,2835357.0,0,1,1,97
Hotel,EAST,1.0,9,48006,3182794.5,0,1,1,97
Mixed Use Property,DOWNTOWN,1.0,2,29631,5327051.5,0,1,1,65
Small- and Mid-Sized Office,DOWNTOWN,1.0,2,23472,1589717.125,0,1,1,36
Small- and Mid-Sized Office,GREATER DUWAMISH,1.0,2,21315,3161573.5,0,1,1,52
Small- and Mid-Sized Office,MAGNOLIA / QUEEN ANNE,1.0,4,41298,2275712.0,0,1,1,41
Small- and Mid-Sized Office,DOWNTOWN,1.0,3,34030,1815642.75,0,1,1,46
Restaurant,SOUTHWEST,1.0,2,20398,9560583.0,0,1,1,123
Distribution Center,GREATER DUWAMISH,1.0,1,41308,1792023.375,0,1,1,73
Mixed Use Property,DOWNTOWN,1.0,3,43878,769771.3125,0,1,0,112
Other,MAGNOLIA / QUEEN ANNE,1.0,3,34976,943354.6875,0,1,1,113
Warehouse,MAGNOLIA / QUEEN ANNE,1.0,1,38255,1173175.75,0,1,1,68
Small- and Mid-Sized Office,LAKE UNION,1.0,3,48924,2398376.5,0,1,1,36
Small- and Mid-Sized Office,LAKE UNION,1.0,4,32297,1761932.5,0,1,0,66
Small- and Mid-Sized Office,LAKE UNION,1.0,4,35526,2638076.5,0,1,0,39
Small- and Mid-Sized Office,LAKE UNION,1.0,3,17956,706926.0,0,1,0,56
Small- and Mid-Sized Office,LAKE UNION,1.0,3,35224,1994967.75,0,1,0,25
Worship Facility,DELRIDGE,1.0,2,24224,1045964.625,0,1,1,68
Worship Facility,DELRIDGE,1.0,1,23706,456483.0938,0,1,1,62
Warehouse,GREATER DUWAMISH,1.0,1,31900,1964681.25,0,1,0,62
Other,SOUTHWEST,1.0,1,49066,4504593.5,0,1,1,108
Worship Facility,SOUTHWEST,1.0,3,30740,1849185.25,0,1,1,73
Supermarket / Grocery Store,SOUTHEAST,1.0,1,67450,2842819.5,0,1,1,66
Warehouse,MAGNOLIA / QUEEN ANNE,1.0,1,46970,882896.5,0,1,0,77
Warehouse,MAGNOLIA / QUEEN ANNE,1.0,1,47554,1083153.75,0,1,1,94
Small- and Mid-Sized Office,MAGNOLIA / QUEEN ANNE,1.0,2,37616,1458046.0,0,1,1,46
Mixed Use Property,MAGNOLIA / QUEEN ANNE,1.0,1,24196,1146510.375,0,1,1,94
Small- and Mid-Sized Office,MAGNOLIA / QUEEN ANNE,1.0,2,20671,746543.625,0,1,1,85
Warehouse,GREATER DUWAMISH,1.0,1,21600,557887.875,0,1,1,98
Worship Facility,SOUTHWEST,1.0,1,35844,866126.375,0,1,0,48
Small- and Mid-Sized Office,LAKE UNION,1.0,3,31774,1672465.625,0,1,1,109
Warehouse,GREATER DUWAMISH,1.0,1,26094,788592.5,0,1,0,72
Small- and Mid-Sized Office,GREATER DUWAMISH,1.0,2,23687,1175914.875,0,1,0,42
Small- and Mid-Sized Office,GREATER DUWAMISH,1.0,2,24221,1506510.25,0,1,0,42
Mixed Use Property,DOWNTOWN,1.0,2,57836,5381105.0,0,1,0,125
Small- and Mid-Sized Office,DOWNTOWN,1.0,2,32027,3999505.25,0,1,1,125
Small- and Mid-Sized Office,DOWNTOWN,1.0,3,32160,2805826.0,0,1,0,119
Other,GREATER DUWAMISH,1.0,3,40264,3647847.25,0,1,1,33
Small- and Mid-Sized Office,GREATER DUWAMISH,1.0,3,34425,2143122.25,0,1,1,111
K-12 School,GREATER DUWAMISH,1.0,2,52609,2001525.875,0,1,1,54
Medical Office,SOUTHWEST,1.0,3,28304,1961581.5,0,1,0,41
Distribution Center,GREATER DUWAMISH,1.0,1,29619,1524858.875,0,1,1,35
K-12 School,CENTRAL,1.0,2,21592,1651553.75,0,1,1,103
K-12 School,NORTH,1.0,2,23923,880687.3125,0,1,1,94
Small- and Mid-Sized Office,CENTRAL,1.0,3,25200,1808592.0,0,1,1,118
Small- and Mid-Sized Office,CENTRAL,1.0,2,28296,1301418.875,0,1,0,62
Small- and Mid-Sized Office,CENTRAL,1.0,3,31357,2085718.125,0,1,1,26
Distribution Center,GREATER DUWAMISH,1.0,1,160000,1157976.5,0,1,0,57
Warehouse,GREATER DUWAMISH,1.0,1,53550,5129831.0,0,1,1,65
Warehouse,GREATER DUWAMISH,1.0,1,38412,1914443.25,0,1,1,101
Self-Storage Facility,GREATER DUWAMISH,1.0,1,25881,607988.1875,0,1,0,95
Small- and Mid-Sized Office,GREATER DUWAMISH,1.0,1,24291,751206.5,0,1,1,72
Warehouse,GREATER DUWAMISH,1.0,1,36544,1338475.5,0,1,0,59
Warehouse,GREATER DUWAMISH,1.0,1,20796,1573106.75,0,1,1,76
Distribution Center,GREATER DUWAMISH,1.0,1,21349,713915.5,0,1,1,78
Warehouse,GREATER DUWAMISH,1.0,1,38630,416885.5938,0,1,0,89
Warehouse,GREATER DUWAMISH,1.0,1,20724,2085116.625,0,1,1,75
Other,GREATER DUWAMISH,1.0,1,24109,4747403.5,0,1,0,65
Refrigerated Warehouse,GREATER DUWAMISH,1.0,1,25375,4069301.5,0,1,0,70
Warehouse,GREATER DUWAMISH,1.0,1,22803,859387.1875,0,1,1,40
Mixed Use Property,GREATER DUWAMISH,1.0,1,23100,4649041.0,0,1,1,40
Refrigerated Warehouse,GREATER DUWAMISH,1.0,1,41550,642645.1875,0,1,0,74
Other,GREATER DUWAMISH,1.0,2,54170,6052090.0,0,1,1,31
K-12 School,GREATER DUWAMISH,1.0,2,64493,2037940.0,0,1,1,25
K-12 School,SOUTHEAST,1.0,2,42252,2617491.25,0,1,1,113
Self-Storage Facility,GREATER DUWAMISH,1.0,1,23100,893514.5,0,1,1,70
Worship Facility,SOUTHEAST,1.0,3,22895,505585.0,0,1,1,44
Retail Store,GREATER DUWAMISH,1.0,2,36740,1267463.125,0,1,0,23
K-12 School,SOUTHEAST,1.0,1,41428,1556431.5,0,1,1,64
Self-Storage Facility,NORTHEAST,1.0,6,41047,837795.8125,0,1,1,19
Warehouse,GREATER DUWAMISH,1.0,1,52325,919070.8125,0,1,1,88
Other,GREATER DUWAMISH,1.0,4,20600,318703.1875,0,1,1,105
Retail Store,GREATER DUWAMISH,1.0,1,25880,162960.0,0,1,0,81
Warehouse,GREATER DUWAMISH,1.0,1,45842,847703.375,0,1,1,65
Other,GREATER DUWAMISH,1.0,1,31365,678829.8125,0,1,1,53
Other,GREATER DUWAMISH,1.0,1,32100,904458.125,0,1,1,115
Warehouse,GREATER DUWAMISH,1.0,1,20520,1284942.5,0,1,1,59
Warehouse,GREATER DUWAMISH,1.0,1,22972,539778.5,0,1,0,80
Warehouse,GREATER DUWAMISH,1.0,1,24990,550746.6875,0,1,1,72
Retail Store,GREATER DUWAMISH,1.0,2,24000,1497394.75,0,1,1,74
Warehouse,GREATER DUWAMISH,1.0,1,100386,4060714.75,0,1,1,62
Distribution Center,GREATER DUWAMISH,1.0,1,24354,735907.8125,0,1,1,59
Distribution Center,GREATER DUWAMISH,1.0,1,33600,918950.6875,0,1,1,66
Other,GREATER DUWAMISH,1.0,1,20819,1891759.125,0,1,1,51
Warehouse,GREATER DUWAMISH,1.0,1,23296,1639903.75,0,1,1,58
Mixed Use Property,GREATER DUWAMISH,1.0,1,35222,1840153.25,0,1,1,71
Refrigerated Warehouse,GREATER DUWAMISH,1.0,1,25520,1777297.75,0,1,1,68
Other,GREATER DUWAMISH,1.0,1,25460,907591.625,0,1,0,73
K-12 School,DELRIDGE,1.0,1,41526,2033428.125,0,1,1,55
Small- and Mid-Sized Office,NORTH,1.0,2,24291,920430.625,0,1,0,51
Retail Store,NORTH,1.0,2,20738,526752.8125,0,1,0,67
Mixed Use Property,NORTH,1.0,4,30948,975936.5,0,1,0,25
Medical Office,NORTH,1.0,2,21329,2654316.0,0,1,0,39
Warehouse,GREATER DUWAMISH,1.0,1,21755,956406.375,0,1,1,47
Other,GREATER DUWAMISH,1.0,1,27933,6129780.0,0,1,0,65
Small- and Mid-Sized Office,GREATER DUWAMISH,1.0,1,23143,1328072.5,0,1,1,42
Small- and Mid-Sized Office,GREATER DUWAMISH,1.0,1,28800,2438706.5,0,1,1,63
Warehouse,GREATER DUWAMISH,1.0,1,39600,405050.4063,0,1,0,73
Warehouse,GREATER DUWAMISH,1.0,1,39600,522105.3125,0,1,1,73
Distribution Center,GREATER DUWAMISH,1.0,1,41248,1180859.625,0,1,1,88
Other,GREATER DUWAMISH,1.0,1,36400,1638043.5,0,1,1,16
Other,SOUTHWEST,1.0,1,31332,3573328.25,0,1,0,105
Worship Facility,SOUTHWEST,1.0,2,35864,1404208.25,0,1,1,77
Worship Facility,GREATER DUWAMISH,1.0,1,20484,961253.6875,0,1,1,71
Medical Office,NORTHEAST,1.0,4,27642,1849331.25,0,1,0,41
Medical Office,NORTHEAST,2.0,4,22356,2824096.75,0,1,0,38
Other,CENTRAL,1.0,4,45082,4426520.0,0,1,1,52
Worship Facility,NORTHWEST,1.0,2,41600,1376059.25,0,1,1,74
Small- and Mid-Sized Office,LAKE UNION,1.0,2,34110,2592728.0,0,1,0,65
Warehouse,GREATER DUWAMISH,1.0,1,23750,522972.1875,0,1,0,55
Warehouse,GREATER DUWAMISH,1.0,1,43390,533742.8125,0,1,0,55
Warehouse,GREATER DUWAMISH,1.0,1,35400,419978.6875,0,1,1,66
Distribution Center,GREATER DUWAMISH,1.0,1,28144,870127.125,0,1,1,59
Warehouse,GREATER DUWAMISH,1.0,3,71283,2654698.5,0,1,1,109
Warehouse,GREATER DUWAMISH,1.0,1,23792,2810298.5,0,1,0,36
Small- and Mid-Sized Office,GREATER DUWAMISH,1.0,2,47368,1033962.125,0,1,0,46
Mixed Use Property,GREATER DUWAMISH,1.0,1,46183,1898673.75,0,1,1,94
Small- and Mid-Sized Office,CENTRAL,1.0,5,49825,2756929.5,0,1,1,41
Retail Store,SOUTHEAST,1.0,1,36071,1519952.125,0,1,1,57
K-12 School,SOUTHEAST,1.0,3,51672,1523036.0,0,1,1,36
Medical Office,SOUTHEAST,1.0,2,27270,2108861.75,0,1,0,35
Mixed Use Property,SOUTHEAST,1.0,1,28425,2326238.0,0,1,1,30
Other,NORTH,1.0,3,35115,2053325.25,0,1,1,16
Mixed Use Property,NORTHWEST,1.0,1,66704,677904.625,0,1,1,53
Warehouse,NORTHWEST,1.0,1,25658,1063960.125,0,1,1,56
Small- and Mid-Sized Office,EAST,1.0,2,36000,1085871.625,0,1,1,118
Mixed Use Property,EAST,1.0,1,36000,1280845.875,0,1,1,112
Warehouse,EAST,1.0,2,43200,2061027.625,0,1,1,110
Small- and Mid-Sized Office,GREATER DUWAMISH,1.0,4,40970,3034711.5,0,1,1,112
Retail Store,GREATER DUWAMISH,1.0,1,43794,1278856.25,0,1,1,50
Warehouse,GREATER DUWAMISH,1.0,1,48280,3123892.75,0,1,1,57
Distribution Center,GREATER DUWAMISH,1.0,1,36040,390592.0,0,1,1,71
Supermarket / Grocery Store,NORTHEAST,1.0,1,32822,9134359.0,0,1,1,60
K-12 School,NORTHEAST,1.0,1,64314,3370435.5,0,1,1,77
Worship Facility,NORTHEAST,1.0,2,20385,908877.375,0,1,1,75
Worship Facility,NORTHEAST,1.0,1,24295,227074.2969,0,1,0,79
Small- and Mid-Sized Office,NORTHEAST,1.0,2,20317,633770.5,0,1,0,58
Supermarket / Grocery Store,NORTHEAST,1.0,1,24377,10133933.0,0,1,1,52
Other,NORTHWEST,1.0,1,33392,2786648.75,0,1,0,39
Supermarket / Grocery Store,NORTHWEST,1.0,1,45155,6732712.5,0,1,1,39
Warehouse,GREATER DUWAMISH,1.0,1,32000,2340055.75,0,1,1,59
Warehouse,GREATER DUWAMISH,1.0,1,44000,4947630.5,0,1,1,55
Warehouse,GREATER DUWAMISH,1.0,1,36000,3253334.25,0,1,1,52
Warehouse,GREATER DUWAMISH,1.0,1,31360,1526335.25,0,1,1,46
Warehouse,GREATER DUWAMISH,1.0,1,33320,2499644.75,0,1,1,46
Warehouse,GREATER DUWAMISH,1.0,1,48020,2567827.75,0,1,1,46
Warehouse,GREATER DUWAMISH,1.0,1,27420,1340563.125,0,1,1,46
K-12 School,NORTHEAST,1.0,2,43645,2332477.5,0,1,1,76
Retail Store,NORTHEAST,1.0,1,26853,1453484.75,0,1,1,73
Other,GREATER DUWAMISH,1.0,4,44775,1095347.375,0,1,1,116
Other,GREATER DUWAMISH,2.0,1,27760,3262533.0,0,1,1,109
Other,GREATER DUWAMISH,1.0,1,20975,347437.6875,0,1,1,88
Other,GREATER DUWAMISH,1.0,1,26075,1646355.25,0,1,1,107
Warehouse,GREATER DUWAMISH,1.0,1,29394,1597845.25,0,1,1,33
Warehouse,GREATER DUWAMISH,1.0,2,20400,501439.6875,0,1,1,99
Small- and Mid-Sized Office,GREATER DUWAMISH,1.0,1,20460,903541.875,0,1,0,99
Self-Storage Facility,GREATER DUWAMISH,1.0,2,25821,214950.9063,0,1,0,100
Refrigerated Warehouse,GREATER DUWAMISH,1.0,2,21870,1067194.5,0,1,0,70
Warehouse,GREATER DUWAMISH,3.0,1,51664,3743867.25,0,1,1,37
Medical Office,DELRIDGE,1.0,1,43615,3389213.25,0,1,1,55
Small- and Mid-Sized Office,DELRIDGE,1.0,3,36879,1196289.375,0,1,0,55
Other,DELRIDGE,1.0,2,28531,3611021.0,0,1,1,23
Warehouse,DELRIDGE,1.0,2,36600,320606.5938,0,1,0,43
Mixed Use Property,SOUTHWEST,1.0,5,35176,1080492.375,0,1,0,21
K-12 School,NORTH,1.0,1,36701,1760895.125,0,1,1,66
University,LAKE UNION,1.0,2,26050,3023468.0,0,1,1,85
Warehouse,GREATER DUWAMISH,1.0,1,48890,2315404.0,0,1,1,84
Small- and Mid-Sized Office,GREATER DUWAMISH,1.0,3,43473,4416909.5,0,1,0,25
Retail Store,DELRIDGE,1.0,1,40265,3766310.0,0,1,1,35
Retail Store,DELRIDGE,1.0,1,26208,1761050.125,0,1,1,20
Other,DELRIDGE,1.0,2,27227,8556389.0,0,1,1,50
Mixed Use Property,BALLARD,1.0,1,42172,3705229.5,0,1,1,99
Small- and Mid-Sized Office,DOWNTOWN,1.0,5,32250,866241.875,0,1,1,115
Retail Store,NORTHWEST,1.0,1,51000,1330840.875,0,1,1,72
Mixed Use Property,GREATER DUWAMISH,1.0,1,27000,248334.9063,0,1,0,109
Other,GREATER DUWAMISH,1.0,2,20747,1051152.375,0,1,1,90
Warehouse,GREATER DUWAMISH,1.0,2,40800,929876.625,0,1,1,97
Small- and Mid-Sized Office,GREATER DUWAMISH,1.0,2,20150,592196.6875,0,1,0,105
Small- and Mid-Sized Office,DOWNTOWN,1.0,7,36000,1682454.875,0,1,0,116
Warehouse,GREATER DUWAMISH,1.0,2,41276,2880753.0,0,1,1,87
Refrigerated Warehouse,GREATER DUWAMISH,1.0,2,24430,1297406.125,0,1,1,88
Small- and Mid-Sized Office,GREATER DUWAMISH,1.0,1,22580,937950.625,0,1,1,98
Warehouse,CENTRAL,1.0,1,20000,877874.875,0,1,1,99
Warehouse,CENTRAL,1.0,1,42000,2298245.25,0,1,1,71
Self-Storage Facility,CENTRAL,1.0,1,24248,120610.5,0,1,1,63
Senior Care Community,NORTH,1.0,6,244500,11314740.0,0,1,1,16
Warehouse,GREATER DUWAMISH,1.0,1,24617,109471.7969,0,1,0,93
Other,GREATER DUWAMISH,1.0,3,42355,3363692.75,0,1,0,16
Retail Store,GREATER DUWAMISH,1.0,1,37247,1988034.875,0,1,1,61
Retail Store,BALLARD,1.0,1,25384,3207111.5,0,1,1,32
Small- and Mid-Sized Office,GREATER DUWAMISH,1.0,3,49052,1441445.625,0,1,0,115
Warehouse,GREATER DUWAMISH,1.0,2,52110,671037.375,0,1,1,125
Small- and Mid-Sized Office,GREATER DUWAMISH,1.0,2,39036,1633524.125,0,1,1,88
Small- and Mid-Sized Office,GREATER DUWAMISH,1.0,1,26310,841208.1875,0,1,1,102
Retail Store,SOUTHEAST,1.0,1,37883,12869714.0,0,1,1,59
K-12 School,DELRIDGE,1.0,3,29874,1478408.125,0,1,1,63
Worship Facility,MAGNOLIA / QUEEN ANNE,1.0,1,20140,1164370.875,0,1,1,60
Self-Storage Facility,NORTHWEST,1.0,2,40485,1393424.5,0,1,1,35
Small- and Mid-Sized Office,CENTRAL,1.0,2,39953,1608929.125,0,1,1,54
Retail Store,CENTRAL,1.0,2,21200,1652954.75,0,1,0,27
Supermarket / Grocery Store,CENTRAL,1.0,1,30630,6194518.0,0,1,0,45
Retail Store,CENTRAL,1.0,2,23421,1955353.0,0,1,0,45
K-12 School,BALLARD,1.0,3,117116,6499178.0,0,1,1,94
Worship Facility,BALLARD,1.0,2,24120,1024822.188,0,1,1,97
Worship Facility,BALLARD,1.0,3,35736,1342448.875,0,1,1,96
Warehouse,GREATER DUWAMISH,1.0,1,51050,1355995.25,0,1,1,84
Retail Store,GREATER DUWAMISH,1.0,2,21900,1439042.25,0,1,1,71
Distribution Center,GREATER DUWAMISH,1.0,1,16300,150167.7969,0,1,1,73
Warehouse,GREATER DUWAMISH,1.0,1,33462,1386445.375,0,1,0,61
Mixed Use Property,GREATER DUWAMISH,1.0,1,35310,1519845.5,0,1,1,73
Other,GREATER DUWAMISH,1.0,3,36140,4653535.0,0,1,0,63
Other,DOWNTOWN,1.0,2,26579,8224244.0,0,1,1,34
Warehouse,DOWNTOWN,1.0,1,23903,486884.9063,0,1,1,95
Self-Storage Facility,NORTHEAST,1.0,3,22522,630412.625,0,1,1,78
Self-Storage Facility,NORTHEAST,1.0,4,38959,963968.1875,0,1,1,29
Warehouse,GREATER DUWAMISH,1.0,2,25955,1218112.0,0,1,0,97
K-12 School,EAST,1.0,4,46100,2412536.25,1,1,1,102
Worship Facility,NORTHWEST,1.0,2,21936,686216.5,0,1,1,74
Other,NORTH,1.0,1,25406,2484501.5,0,1,1,65
Small- and Mid-Sized Office,SOUTHEAST,1.0,2,23250,888432.5,0,1,0,58
Warehouse,GREATER DUWAMISH,1.0,1,30000,3246531.0,0,1,1,65
Warehouse,GREATER DUWAMISH,1.0,1,45036,1989787.875,0,1,1,63
K-12 School,SOUTHWEST,1.0,1,51410,2256911.75,0,1,1,63
Small- and Mid-Sized Office,NORTH,1.0,4,23022,1075427.75,0,1,1,45
Refrigerated Warehouse,GREATER DUWAMISH,1.0,1,27263,2408141.75,0,1,0,58
Warehouse,GREATER DUWAMISH,1.0,1,31569,3344952.0,0,1,1,63
Warehouse,GREATER DUWAMISH,1.0,1,22509,177812.7969,0,1,0,69
Warehouse,GREATER DUWAMISH,1.0,1,39984,1163530.25,0,1,1,69
K-12 School,EAST,1.0,2,73769,2904558.75,0,1,1,100
Worship Facility,EAST,1.0,1,26440,826275.1875,0,1,1,119
K-12 School,NORTHEAST,1.0,1,43578,1436773.875,0,1,1,64
Self-Storage Facility,GREATER DUWAMISH,1.0,2,28800,1266706.875,0,1,1,69
K-12 School,CENTRAL,4.0,2,28500,1300765.5,0,1,1,16
Restaurant,LAKE UNION,1.0,2,26519,3717064.0,0,1,1,47
Other,MAGNOLIA / QUEEN ANNE,1.0,2,26300,3711173.0,0,1,1,104
Restaurant,LAKE UNION,1.0,2,34072,7007726.0,0,1,1,63
Small- and Mid-Sized Office,LAKE UNION,1.0,3,23355,840549.375,0,1,0,76
Small- and Mid-Sized Office,MAGNOLIA / QUEEN ANNE,1.0,4,30840,3840161.75,0,1,1,60
Other,NORTHEAST,1.0,1,20332,431857.6875,0,1,1,79
Worship Facility,CENTRAL,1.0,1,21850,359962.5938,0,1,1,125
Mixed Use Property,NORTHEAST,1.0,4,25297,1500695.375,0,1,1,28
Large Office,DOWNTOWN,1.0,13,224493,9691704.0,0,1,0,42
Self-Storage Facility,MAGNOLIA / QUEEN ANNE,1.0,2,28309,498364.9063,0,1,1,107
Hotel,DOWNTOWN,1.0,4,45500,2934339.25,1,1,1,111
Small- and Mid-Sized Office,DOWNTOWN,1.0,5,38376,2142457.5,0,1,0,125
Small- and Mid-Sized Office,DOWNTOWN,1.0,4,42804,1598032.0,0,1,1,125
Mixed Use Property,DOWNTOWN,1.0,5,57600,7355579.0,0,1,1,20
Small- and Mid-Sized Office,DOWNTOWN,1.0,4,33300,1355968.5,0,1,1,125
Other,DOWNTOWN,1.0,3,22200,231847.0938,0,1,1,125
Warehouse,MAGNOLIA / QUEEN ANNE,1.0,2,29498,3930355.5,0,1,1,57
Warehouse,LAKE UNION,1.0,1,23050,486485.3125,0,1,0,87
Small- and Mid-Sized Office,LAKE UNION,1.0,4,48350,3280955.5,0,1,0,17
Retail Store,NORTHEAST,1.0,1,46059,1656820.0,0,1,1,95
Medical Office,NORTHEAST,1.0,2,23595,823716.875,0,1,1,55
Small- and Mid-Sized Office,DOWNTOWN,1.0,3,28142,911154.125,1,1,1,125
Small- and Mid-Sized Office,DOWNTOWN,1.0,3,28760,2726126.75,1,1,1,125
Small- and Mid-Sized Office,DOWNTOWN,1.0,4,39030,773324.6875,0,1,1,123
Small- and Mid-Sized Office,DOWNTOWN,1.0,3,47215,2136896.0,0,1,1,116
Other,EAST,1.0,2,34580,4489734.5,0,1,1,99
Small- and Mid-Sized Office,EAST,1.0,3,30720,1361277.25,0,1,1,108
Mixed Use Property,EAST,1.0,2,20640,412562.4063,0,1,0,109
Mixed Use Property,EAST,1.0,2,34914,1314474.5,0,1,0,113
Small- and Mid-Sized Office,EAST,1.0,3,20897,1031474.188,0,1,1,119
Retail Store,EAST,1.0,2,36940,336745.4063,0,1,0,109
Small- and Mid-Sized Office,EAST,1.0,3,22866,1213909.875,0,1,1,112
Retail Store,EAST,1.0,1,30240,1316900.75,0,1,1,105
Other,NORTHEAST,1.0,2,28586,5078204.0,0,1,0,63
Hotel,DOWNTOWN,1.0,3,28800,4644346.0,0,1,1,117
Restaurant,DOWNTOWN,1.0,3,28800,935833.1875,0,1,1,112
Small- and Mid-Sized Office,DOWNTOWN,1.0,3,35202,3605755.5,0,1,0,46
Senior Care Community,EAST,1.0,6,69035,7437745.0,0,1,1,56
Worship Facility,EAST,1.0,2,24600,347690.5938,0,1,1,115
Worship Facility,EAST,1.0,1,48850,1259282.25,1,1,1,125
Hospital,SOUTHWEST,1.0,3,54863,2066851.25,0,1,0,64
Warehouse,GREATER DUWAMISH,1.0,1,25000,2044286.625,0,1,1,61
Warehouse,GREATER DUWAMISH,1.0,1,25000,342696.3125,0,1,1,65
Other,GREATER DUWAMISH,1.0,1,22622,872014.3125,0,1,1,98
Small- and Mid-Sized Office,EAST,1.0,3,27544,1092060.75,0,1,1,108
Small- and Mid-Sized Office,DOWNTOWN,1.0,7,47415,1552850.625,0,1,0,36
Other,MAGNOLIA / QUEEN ANNE,1.0,3,22960,2447325.5,0,1,1,64
Mixed Use Property,NORTHEAST,1.0,1,22778,2675057.75,0,1,1,77
Worship Facility,BALLARD,1.0,2,21562,1000251.875,0,1,1,69
Other,CENTRAL,1.0,1,25753,1612521.0,0,1,1,66
K-12 School,EAST,1.0,3,38297,2127889.25,0,1,1,100
Worship Facility,SOUTHEAST,1.0,1,24200,900697.125,0,1,1,57
Residence Hall,MAGNOLIA / QUEEN ANNE,1.0,4,21302,1778251.875,0,1,1,44
Self-Storage Facility,DELRIDGE,1.0,3,66610,742571.5,0,1,1,31
Other,GREATER DUWAMISH,1.0,1,36000,3823703.75,0,1,1,75
K-12 School,NORTHWEST,1.0,2,23222,1331981.25,0,1,1,87
Mixed Use Property,EAST,1.0,2,24476,2800725.0,0,1,1,101
Retail Store,EAST,1.0,2,24750,906960.625,0,1,1,115
K-12 School,EAST,1.0,3,60000,3928621.25,0,1,1,121
Other,EAST,1.0,2,46560,734550.6875,0,1,1,71
Other,MAGNOLIA / QUEEN ANNE,1.0,3,30408,1469861.875,0,1,0,45
Small- and Mid-Sized Office,MAGNOLIA / QUEEN ANNE,1.0,3,30109,1589657.75,0,1,1,105
K-12 School,SOUTHWEST,1.0,2,39929,2001873.25,0,1,1,61
Small- and Mid-Sized Office,MAGNOLIA / QUEEN ANNE,1.0,2,25481,1052797.5,0,1,1,65
Small- and Mid-Sized Office,LAKE UNION,1.0,2,27788,2127889.25,0,1,1,113
Hotel,NORTHWEST,1.0,4,33120,1974631.125,0,1,1,35
Warehouse,GREATER DUWAMISH,1.0,2,22324,723060.1875,0,1,1,84
Other,GREATER DUWAMISH,1.0,2,31360,1886366.625,0,1,1,79
Mixed Use Property,GREATER DUWAMISH,1.0,1,30496,2217613.5,0,1,1,78
Small- and Mid-Sized Office,EAST,1.0,3,27600,1103795.25,0,1,1,103
Senior Care Community,Northwest,1.0,2,55974,6412428.0,0,1,1,64
K-12 School,GREATER DUWAMISH,1.0,2,52901,2508012.0,0,1,1,54
Senior Care Community,NORTH,1.0,1,22583,2123591.75,0,1,1,71
Small- and Mid-Sized Office,LAKE UNION,1.0,3,24328,2305643.5,0,1,0,28
Small- and Mid-Sized Office,LAKE UNION,1.0,3,20660,735909.0,0,1,0,44
Warehouse,NORTHWEST,1.0,1,29400,227509.5,0,1,0,53
Hotel,GREATER DUWAMISH,1.0,3,22452,1269576.0,0,1,1,33
Other,NORTHEAST,1.0,2,25767,1620383.625,0,1,0,113
Retail Store,NORTHEAST,1.0,4,33910,1904055.75,0,1,1,72
Worship Facility,NORTHEAST,1.0,2,78401,2846592.0,0,1,1,98
Warehouse,LAKE UNION,1.0,2,78716,4311327.5,0,1,1,46
K-12 School,LAKE UNION,1.0,2,33300,1903636.375,0,1,1,115
Supermarket / Grocery Store,LAKE UNION,1.0,1,28808,9450746.0,0,1,1,68
Small- and Mid-Sized Office,NORTHEAST,1.0,1,20962,1181649.25,0,1,0,68
Supermarket / Grocery Store,NORTHEAST,1.0,1,26226,7798479.5,0,1,1,75
Mixed Use Property,NORTHEAST,1.0,2,19193,1223177.375,0,1,0,49
Small- and Mid-Sized Office,LAKE UNION,1.0,3,27640,6197824.5,0,1,0,27
Small- and Mid-Sized Office,DOWNTOWN,1.0,4,22840,983053.375,0,1,0,125
Other,DOWNTOWN,1.0,1,21420,812371.625,0,1,1,125
Small- and Mid-Sized Office,DOWNTOWN,1.0,1,20880,683274.0,0,1,0,125
Mixed Use Property,DOWNTOWN,1.0,3,26000,1063035.875,0,1,1,59
Small- and Mid-Sized Office,DOWNTOWN,1.0,3,38675,1956121.125,0,1,1,125
Small- and Mid-Sized Office,DOWNTOWN,1.0,4,49951,5683758.0,1,1,1,96
Medical Office,SOUTHEAST,1.0,2,25880,1956483.5,0,1,1,15
Worship Facility,NORTHEAST,1.0,3,41013,1191549.25,0,1,1,98
Other,NORTHEAST,1.0,2,21075,1715969.625,0,1,1,21
Worship Facility,NORTHEAST,1.0,3,46485,1689227.75,0,1,1,75
Small- and Mid-Sized Office,NORTHWEST,1.0,4,56896,1507071.5,0,1,1,60
Worship Facility,NORTHWEST,1.0,2,27500,654455.1875,0,1,1,47
Small- and Mid-Sized Office,DOWNTOWN,1.0,2,36630,541943.3125,0,1,0,95
Small- and Mid-Sized Office,DOWNTOWN,1.0,3,26830,2139205.25,0,1,1,125
Small- and Mid-Sized Office,DOWNTOWN,1.0,5,41920,1103594.75,0,1,0,119
Small- and Mid-Sized Office,DOWNTOWN,1.0,5,36879,1664247.375,0,1,1,120
Other,DOWNTOWN,1.0,6,29820,1624991.375,0,1,1,121
Small- and Mid-Sized Office,DOWNTOWN,1.0,2,33640,1144343.125,0,1,0,120
Warehouse,DOWNTOWN,1.0,4,43484,1567040.75,0,1,0,119
Mixed Use Property,DOWNTOWN,1.0,3,22480,981009.125,0,1,0,125
Hotel,DOWNTOWN,1.0,4,33018,5153234.0,0,1,1,100
Small- and Mid-Sized Office,DOWNTOWN,1.0,2,26510,1017753.188,0,1,1,55
Warehouse,LAKE UNION,1.0,1,40028,942415.1875,0,1,1,87
Small- and Mid-Sized Office,LAKE UNION,1.0,3,26282,2250450.5,0,1,0,18
Worship Facility,NORTH,1.0,1,21624,730124.5,0,1,1,71
K-12 School,NORTHWEST,1.0,1,42239,2410752.0,0,1,1,55
K-12 School,Northwest,1.0,3,51360,1535481.375,0,1,1,100
Small- and Mid-Sized Office,DOWNTOWN,1.0,3,21600,1514428.75,0,1,1,32
Mixed Use Property,DOWNTOWN,1.0,3,20620,791926.875,0,1,1,116
Hotel,DOWNTOWN,1.0,5,40552,1377497.25,0,1,1,115
Small- and Mid-Sized Office,DOWNTOWN,1.0,3,31432,1439572.375,0,1,0,116
Retail Store,DOWNTOWN,1.0,2,24550,1031447.625,0,1,1,108
K-12 School,LAKE UNION,1.0,2,61052,2549041.25,0,1,1,25
Other,CENTRAL,1.0,3,25864,1028277.313,0,1,1,117
Other,NORTHEAST,1.0,3,20686,1321763.125,0,1,1,101
Residence Hall,NORTHEAST,1.0,3,22124,652060.0,0,1,0,96
Residence Hall,NORTHEAST,1.0,3,27487,1753311.875,0,1,1,99
Residence Hall,NORTHEAST,1.0,4,23616,1771038.0,0,1,1,99
Residence Hall,NORTHEAST,1.0,3,33448,1073833.25,0,1,0,49
Mixed Use Property,EAST,1.0,2,22388,2506557.5,0,1,1,20
Senior Care Community,CENTRAL,1.0,2,74840,8485438.0,0,1,1,38
Other,CENTRAL,1.0,3,20992,2879554.5,0,1,1,112
K-12 School,CENTRAL,1.0,2,22344,1663727.125,0,1,1,100
University,EAST,1.0,3,31900,2737986.0,0,1,1,104
Other,BALLARD,1.0,2,29417,1816709.0,0,1,1,75
Mixed Use Property,DOWNTOWN,1.0,3,49299,4821852.0,0,1,0,116
Supermarket / Grocery Store,SOUTHWEST,1.0,1,31841,13584036.0,0,1,1,28
Mixed Use Property,EAST,1.0,2,21036,2830649.5,0,1,1,37
Mixed Use Property,NORTHEAST,1.0,2,32928,5652231.0,0,1,0,26
K-12 School,NORTHEAST,1.0,2,54943,2498122.25,0,1,1,97
Warehouse,GREATER DUWAMISH,1.0,1,44476,1529218.125,0,1,1,65
Small- and Mid-Sized Office,GREATER DUWAMISH,1.0,1,35017,1394293.5,0,1,1,56
Residence Hall,NORTHEAST,1.0,3,29084,1741865.25,0,1,1,75
Worship Facility,SOUTHEAST,1.0,2,22952,545136.5,0,1,1,62
Warehouse,GREATER DUWAMISH,1.0,1,21040,657383.1875,0,1,1,49
Warehouse,GREATER DUWAMISH,1.0,2,28032,1539819.875,0,1,1,74
Distribution Center,GREATER DUWAMISH,1.0,1,25620,652579.875,0,1,1,51
Warehouse,DOWNTOWN,1.0,3,33238,1632472.0,0,1,0,33
K-12 School,EAST,1.0,4,27800,1275996.25,0,1,1,113
Large Office,DOWNTOWN,1.0,6,706176,13473994.0,0,1,0,25
Supermarket / Grocery Store,SOUTHWEST,1.0,1,33706,8992072.0,0,1,1,27
Mixed Use Property,MAGNOLIA / QUEEN ANNE,1.0,2,37600,2477406.25,0,1,1,64
K-12 School,NORTHWEST,1.0,1,42128,1869043.875,0,1,1,71
K-12 School,BALLARD,1.0,2,44753,1817756.125,0,1,1,93
Other,EAST,1.0,3,33708,835610.875,1,1,1,113
Other,North,1.0,2,47237,5996179.5,0,1,0,77
K-12 School,BALLARD,1.0,2,57298,1681189.25,0,1,0,36
Supermarket / Grocery Store,NORTHEAST,1.0,1,38000,14368231.0,0,1,1,28
Worship Facility,NORTHEAST,1.0,3,26373,1172287.125,0,1,1,87
Small- and Mid-Sized Office,CENTRAL,6.0,2,75868,3605749.75,0,1,0,69
Mixed Use Property,EAST,1.0,2,21656,1607972.25,0,1,1,78
Distribution Center,MAGNOLIA / QUEEN ANNE,1.0,3,23040,472415.4063,0,1,0,104
Other,MAGNOLIA / QUEEN ANNE,1.0,2,36771,5400237.5,0,1,0,69
Warehouse,GREATER DUWAMISH,1.0,1,24024,404484.4063,0,1,0,48
Warehouse,GREATER DUWAMISH,1.0,1,42420,1129170.375,0,1,1,72
Distribution Center,GREATER DUWAMISH,1.0,1,36982,405866.9063,0,1,1,46
Warehouse,GREATER DUWAMISH,1.0,2,23400,454896.5,0,1,0,61
Other,MAGNOLIA / QUEEN ANNE,1.0,2,30720,1915150.75,0,1,1,77
Warehouse,GREATER DUWAMISH,1.0,1,23232,127374.0,0,1,0,53
Warehouse,GREATER DUWAMISH,1.0,1,35046,1092979.75,0,1,1,51
Refrigerated Warehouse,GREATER DUWAMISH,1.0,1,25577,883072.875,0,1,1,64
Warehouse,GREATER DUWAMISH,1.0,1,43380,412764.8125,0,1,0,51
Small- and Mid-Sized Office,LAKE UNION,1.0,3,20410,2827857.0,0,1,1,30
Small- and Mid-Sized Office,NORTHWEST,1.0,3,18396,624125.625,0,1,0,42
K-12 School,NORTHWEST,1.0,1,45174,2205570.75,0,1,1,69
Worship Facility,NORTHWEST,1.0,1,24955,773357.0,0,1,1,23
Other,Central,1.0,3,34074,8652913.0,0,1,1,34
Worship Facility,North,1.0,2,76475,1913404.25,0,1,1,64
K-12 School,North,1.0,2,32961,1719595.125,0,1,1,37
Other,NORTHWEST,1.0,1,12806,1155795.125,0,1,1,21
K-12 School,CENTRAL,1.0,1,109794,3657784.25,0,1,1,75
Other,Central,1.0,3,25200,1407294.875,0,1,1,114
Supermarket / Grocery Store,North,1.0,1,44755,11943740.0,0,1,1,29
Other,EAST,1.0,2,22320,230988.9063,0,1,1,118
Mixed Use Property,EAST,1.0,3,24000,952583.5,0,1,1,113
Small- and Mid-Sized Office,EAST,1.0,3,23422,2902229.0,0,1,1,105
Other,EAST,5.0,2,27551,3564727.5,0,1,1,50
Mixed Use Property,EAST,1.0,5,38409,3518099.75,0,1,1,27
Warehouse,EAST,1.0,2,23040,79967.89844,0,1,1,105
Warehouse,EAST,1.0,2,61880,604190.125,0,1,0,67
Small- and Mid-Sized Office,EAST,1.0,2,27938,1002986.375,0,1,1,100
Other,NORTHEAST,1.0,2,21600,1623657.0,0,1,0,101
Other,NORTHEAST,1.0,3,27908,2182493.0,0,1,1,96
K-12 School,CENTRAL,1.0,2,30562,1824440.125,0,1,1,25
Retail Store,DOWNTOWN,1.0,3,54969,3770784.25,0,1,1,25
K-12 School,CENTRAL,1.0,2,36825,1892122.25,0,1,1,74
Small- and Mid-Sized Office,EAST,1.0,3,25834,2223401.5,0,1,1,67
Worship Facility,EAST,1.0,1,37700,4195549.5,0,1,1,96
K-12 School,EAST,1.0,2,27273,1436271.0,0,1,1,100
Mixed Use Property,Central,1.0,6,97229,1056507.75,0,1,0,21
Small- and Mid-Sized Office,NORTHWEST,1.0,3,25111,1060040.75,0,1,1,43
Worship Facility,MAGNOLIA / QUEEN ANNE,1.0,2,31805,1888861.125,0,1,1,72
K-12 School,MAGNOLIA / QUEEN ANNE,1.0,1,20811,1441620.0,0,1,1,72
Warehouse,GREATER DUWAMISH,1.0,2,22058,2235498.0,0,1,1,58
Refrigerated Warehouse,GREATER DUWAMISH,1.0,1,22890,9844836.0,0,1,1,55
Other,GREATER DUWAMISH,1.0,5,36000,1270850.625,0,1,1,118
Distribution Center,GREATER DUWAMISH,1.0,1,28320,4403066.5,0,1,1,54
Worship Facility,NORTHEAST,1.0,1,29079,930746.875,0,1,1,70
Small- and Mid-Sized Office,EAST,1.0,3,19232,769771.8125,0,1,0,43
Small- and Mid-Sized Office,Ballard,1.0,2,20535,1964622.625,0,1,1,37
Laboratory,MAGNOLIA / QUEEN ANNE,1.0,2,43025,10148279.0,0,1,1,40
Warehouse,GREATER DUWAMISH,1.0,1,30800,485971.0,0,1,0,60
Mixed Use Property,EAST,1.0,3,22168,1904848.25,0,1,1,125
Warehouse,GREATER DUWAMISH,1.0,1,37400,909543.1875,0,1,1,103
Small- and Mid-Sized Office,DOWNTOWN,1.0,11,68452,3979629.5,0,1,0,25
Large Office,DOWNTOWN,1.0,11,273185,14709151.0,0,1,0,25
K-12 School,NORTHEAST,1.0,3,97500,4314753.5,0,1,1,101
Small- and Mid-Sized Office,MAGNOLIA / QUEEN ANNE,1.0,5,54015,3020001.5,0,1,0,43
Restaurant,DOWNTOWN,1.0,13,42000,7762660.5,1,1,1,40
Other,NORTH,1.0,1,24697,1395016.125,0,1,1,60
University,CENTRAL,2.0,1,57468,3778965.75,0,1,1,12
University,EAST,1.0,5,84000,12581302.0,0,1,1,19
Retail Store,DOWNTOWN,1.0,3,103000,5390147.5,0,1,1,34
Supermarket / Grocery Store,SOUTHWEST,1.0,1,37864,8257472.5,0,1,1,17
Supermarket / Grocery Store,EAST,1.0,2,66497,9290214.0,0,1,1,75
Retail Store,MAGNOLIA / QUEEN ANNE,1.0,4,34010,3611326.75,0,1,0,19
Supermarket / Grocery Store,MAGNOLIA / QUEEN ANNE,1.0,4,45980,8573323.0,0,1,1,19
Retail Store,EAST,1.0,3,45743,5227773.5,0,1,1,29
Other,CENTRAL,1.0,1,45000,3769240.5,0,1,1,34
Other,GREATER DUWAMISH,1.0,6,333698,14658050.0,0,1,1,26
Warehouse,GREATER DUWAMISH,1.0,4,72859,1577083.25,0,1,1,121
K-12 School,SOUTHEAST,1.0,2,138705,5344758.0,0,1,1,16
Mixed Use Property,GREATER DUWAMISH,1.0,3,21947,1658135.375,0,1,1,21
Medical Office,NORTHEAST,1.0,0,30287,2279632.5,0,1,1,65
Small- and Mid-Sized Office,NORTHEAST,1.0,0,21931,4292216.0,0,1,1,65
Small- and Mid-Sized Office,DOWNTOWN,1.0,6,73102,4483478.0,0,1,0,40
Mixed Use Property,EAST,1.0,2,81422,2778832.75,0,1,1,109
Mixed Use Property,GREATER DUWAMISH,5.0,1,87458,9271981.0,0,1,1,59
Supermarket / Grocery Store,NORTH,1.0,1,51400,12081430.0,0,1,1,14
Small- and Mid-Sized Office,LAKE UNION,1.0,1,26263,1671740.25,0,1,0,32
Other,CENTRAL,1.0,1,21400,5427452.5,0,1,1,57
Supermarket / Grocery Store,MAGNOLIA / QUEEN ANNE,1.0,4,33997,9086338.0,0,1,1,22
Mixed Use Property,DOWNTOWN,1.0,6,74211,1438856.625,0,1,0,123
Warehouse,SOUTHEAST,1.0,2,45700,1547490.125,0,1,1,37
Large Office,GREATER DUWAMISH,1.0,6,157345,11666007.0,0,1,1,13
Residence Hall,NORTHEAST,1.0,5,136758,6662918.5,0,1,1,13
Residence Hall,NORTHEAST,1.0,7,192259,9286532.0,0,1,1,13
Other,GREATER DUWAMISH,2.0,2,137138,5574345.0,0,1,0,13
Retail Store,MAGNOLIA / QUEEN ANNE,1.0,3,43832,4085534.75,0,1,1,107
Other,SOUTHWEST,1.0,6,146363,12145596.0,0,1,1,38
Large Office,DOWNTOWN,1.0,13,204760,14070366.0,0,1,1,37
Worship Facility,NORTHEAST,1.0,2,70292,2145036.25,0,1,1,17
K-12 School,EAST,1.0,2,35780,2962615.25,0,1,1,11
Large Office,MAGNOLIA / QUEEN ANNE,1.0,3,76844,1420513.25,0,1,0,12
Small- and Mid-Sized Office,DOWNTOWN,1.0,3,47673,2626698.25,0,1,1,12
Hotel,BALLARD,1.0,4,39433,3497215.5,0,1,0,12
Senior Care Community,Central,1.0,6,79805,7692164.0,0,1,1,12
K-12 School,NORTHWEST,1.0,2,48925,1695022.25,0,1,1,11
Other,MAGNOLIA / QUEEN ANNE,1.0,1,29000,2642231.75,0,1,1,63
Large Office,GREATER DUWAMISH,1.0,7,187027,4644839.5,0,1,1,11
Other,GREATER DUWAMISH,1.0,2,56988,544172.375,0,1,1,11
University,GREATER DUWAMISH,4.0,2,149856,6759240.5,0,1,1,18
Other,DELRIDGE,1.0,2,44162,1679541.25,0,1,1,15
Other,SOUTHEAST,1.0,1,53775,12442613.0,0,1,1,12
Small- and Mid-Sized Office,EAST,1.0,2,64820,2332889.25,0,1,1,113
University,EAST,1.0,2,99765,3372443.75,0,1,1,32
Senior Care Community,DOWNTOWN,1.0,3,41395,2842128.0,0,1,1,36
Supermarket / Grocery Store,BALLARD,1.0,8,41198,7785876.5,0,1,1,15
Other,GREATER DUWAMISH,1.0,1,20993,961628.625,0,1,1,11
Other,SOUTHEAST,1.0,0,40265,2261075.5,0,1,1,16
Residence Hall,NORTHEAST,1.0,0,176225,5209463.5,0,1,1,14
Residence Hall,NORTHEAST,1.0,0,89392,7483350.0,0,1,0,55
Residence Hall,NORTHEAST,1.0,0,97040,4075094.5,0,1,1,14
Self-Storage Facility,SOUTHEAST,1.0,4,87576,940844.6875,0,1,1,11
Other,NORTHEAST,1.0,3,33648,1399581.625,0,1,0,11
Small- and Mid-Sized Office,EAST,1.0,5,37873,2346692.5,0,1,1,10
Hotel,DOWNTOWN,1.0,14,144614,5547964.5,0,1,1,10
Large Office,LAKE UNION,1.0,12,317442,12926544.0,0,1,1,11
Mixed Use Property,MAGNOLIA / QUEEN ANNE,1.0,2,25532,670291.0,0,1,0,11
Other,GREATER DUWAMISH,1.0,2,108036,5298717.5,0,1,1,10
Large Office,LAKE UNION,1.0,12,317189,14409447.0,0,1,1,10
Large Office,LAKE UNION,1.0,13,339038,14037166.0,0,1,1,11
Hotel,LAKE UNION,1.0,4,85284,6042399.5,0,1,1,11
Warehouse,GREATER DUWAMISH,1.0,1,47863,4182621.75,0,1,1,70
Small- and Mid-Sized Office,GREATER DUWAMISH,1.0,2,24990,4731813.5,0,1,1,96
Other,NORTHEAST,1.0,1,72000,3198858.0,0,1,1,12
K-12 School,GREATER DUWAMISH,1.0,3,45000,1397742.375,0,1,0,10
University,NORTHEAST,1.0,1,68072,3180819.25,0,1,0,63
Mixed Use Property,NORTH,1.0,1,20616,636965.5,0,1,0,20
Other,CENTRAL,1.0,1,11685,969142.0,0,1,1,12
Other,BALLARD,1.0,1,11968,858773.0,0,1,1,15
Other,NORTH,1.0,1,11285,705983.6875,0,1,1,76
Other,BALLARD,1.0,1,16795,990545.5,0,1,1,114
Other,BALLARD,1.0,1,12769,5370263.5,0,1,1,53
Office,MAGNOLIA / QUEEN ANNE,1.0,1,13661,558525.125,0,1,0,73
Other,EAST,1.0,1,23445,6716330.0,0,1,1,113
Mixed Use Property,CENTRAL,1.0,1,20050,1993136.625,0,1,1,31
Office,SOUTHEAST,1.0,1,15398,414172.4063,0,1,1,65
Other,DELRIDGE NEIGHBORHOODS,1.0,1,18261,1025432.125,0,1,1,43
Office,GREATER DUWAMISH,1.0,1,12294,943003.1875,0,1,1,35
Other,DOWNTOWN,1.0,1,16000,1053705.75,0,1,1,21
Other,MAGNOLIA / QUEEN ANNE,1.0,1,13157,6053764.5,0,1,1,51
Mixed Use Property,GREATER DUWAMISH,1.0,1,14101,782841.3125,0,1,1,36
Mixed Use Property,GREATER DUWAMISH,1.0,1,18258,1293722.375,0,1,1,87
